1:0 133 213 117 20 335 34 331 445 609 204 585 174 15 111 38 104 497 203 412 263 206 148 338 218 210 202 447 520 320 829 593 45 74 29 270 237 275 282 437 73 113 345 72 102 189 363 267 200 80 77 438 182 99 75 13 115 156 216 249 496 219 290 402 130 79 214 124 188 173 76 70 81 164 241 207 230 14 235 33 36 92 474 22 311 526 388 
2:0 133 213 117 20 34 331 445 204 585 174 15 111 38 104 497 203 412 263 206 148 218 210 202 447 520 829 593 45 74 29 270 237 282 437 73 113 345 72 102 189 363 267 200 77 438 182 99 75 115 156 216 249 496 219 290 402 79 214 188 173 76 70 81 164 241 207 230 14 235 33 36 92 474 22 311 526 388 13 80 124 130 275 320 335 338 609 
3:0 133 213 117 20 335 34 523 331 445 204 585 174 15 111 38 104 414 89 497 203 412 263 206 148 338 218 210 202 416 447 520 829 593 45 74 29 270 237 63 282 437 73 113 345 72 102 189 363 267 200 570 80 77 438 182 99 75 115 156 216 46 431 249 496 219 290 402 79 214 188 173 76 666 70 81 164 241 207 230 14 235 33 36 831 92 474 22 311 526 388 13 124 130 275 320 609 
4:0 512 332 314 246 213 251 187 117 44 307 335 34 280 445 609 585 68 242 174 15 111 91 38 104 225 337 349 406 82 407 525 223 497 52 203 263 206 126 424 519 7 83 481 488 53 394 374 264 218 210 154 45 29 257 270 237 468 336 510 517 231 43 25 5 232 102 189 363 200 315 602 182 98 99 115 156 216 157 249 317 496 184 10 290 69 421 130 163 214 108 173 70 66 164 241 207 129 14 36 9 92 311 17 526 261 
5:0 512 332 213 251 117 34 280 445 585 68 242 174 15 111 91 38 104 225 337 349 406 82 223 497 52 203 263 206 126 424 519 7 83 481 488 53 394 374 264 218 210 154 45 29 257 270 237 468 510 517 231 43 25 5 232 102 189 363 200 315 602 182 99 115 156 216 157 249 317 496 184 10 290 69 421 130 163 214 108 173 70 66 164 241 207 129 14 36 9 92 311 526 44 98 187 246 261 307 314 335 336 407 609 17 525 
6:0 512 332 314 403 213 251 117 307 299 34 784 280 664 523 445 585 68 242 174 15 111 432 91 38 104 225 337 349 406 82 525 840 223 89 497 52 203 263 206 126 424 519 7 83 90 481 488 53 394 374 19 411 264 218 210 154 416 45 29 535 257 270 237 615 468 542 63 510 517 231 43 25 5 232 102 189 573 363 466 200 315 602 182 99 115 156 216 46 157 249 317 355 496 201 825 184 841 10 290 69 421 130 507 163 214 108 173 76 211 70 66 164 241 207 129 14 366 36 9 92 239 311 17 526 44 98 187 246 261 335 336 407 609 
7:0 453 392 401 213 396 117 44 59 335 34 280 362 145 61 445 609 585 93 68 174 111 91 291 38 104 406 223 203 263 252 206 175 374 838 264 266 193 218 360 258 114 29 270 237 308 56 58 8 196 334 231 791 25 5 102 243 54 330 189 300 363 200 602 182 99 240 229 115 287 156 216 157 249 317 205 496 503 290 69 504 130 214 173 70 66 164 57 207 33 39 36 92 127 55 518 352 323 311 250 110 526 281 428 
8:0 401 213 396 117 44 59 34 280 362 145 61 445 585 68 174 111 91 291 38 104 406 223 203 263 206 374 838 264 218 360 258 29 270 237 56 58 8 196 334 231 25 5 102 330 189 363 200 602 182 99 240 229 115 156 216 157 249 317 205 496 503 290 69 504 130 214 173 70 66 164 57 207 33 39 36 92 127 55 518 352 311 250 110 526 428 54 93 114 175 193 243 252 266 281 287 300 308 323 335 392 453 609 791 
9:0 453 401 213 396 419 117 44 59 776 34 280 362 145 61 523 445 585 68 242 174 399 111 91 291 38 104 406 525 223 89 203 263 252 206 90 430 374 838 411 264 218 416 360 258 29 270 237 308 56 63 58 8 196 334 231 668 25 5 102 330 189 363 200 602 182 99 240 229 115 156 216 46 431 157 249 317 205 496 503 290 69 504 324 130 214 479 173 70 66 164 57 207 33 39 36 831 92 127 55 518 352 311 250 110 526 428 54 93 114 175 193 243 266 281 287 300 323 335 392 609 791 
10:0 450 527 173 81 33 
11:0 450 527 106 334 81 33 173 
12:0 512 332 314 403 213 226 117 450 405 445 585 93 174 432 38 104 564 138 840 527 203 412 263 148 218 202 416 16 106 29 237 542 63 571 334 72 102 234 363 171 466 77 654 182 60 94 244 149 483 99 476 240 13 115 156 216 355 496 219 290 247 324 318 285 79 214 173 76 81 522 78 164 241 48 207 230 129 33 366 36 100 168 92 239 369 474 18 
13:0 450 527 40 81 
14:0 450 527 106 334 81 40 
15:0 512 332 97 314 372 213 226 117 280 664 450 445 585 174 15 432 38 104 529 527 283 203 263 206 591 148 116 218 31 210 202 416 29 237 63 571 282 636 72 102 363 466 200 371 64 42 398 182 228 99 115 156 216 249 355 496 290 318 130 214 188 173 76 81 522 164 241 207 230 129 14 366 36 168 634 92 390 41 369 474 404 40 106 334 
16:0 332 97 314 403 213 117 413 445 585 174 432 197 38 104 203 263 297 185 19 193 218 16 29 257 237 542 102 119 189 363 466 365 182 228 98 99 240 13 115 156 216 355 496 28 290 143 214 173 211 164 241 207 129 33 366 36 168 92 239 253 369 18 17 526 
17:0 332 97 314 403 213 117 445 585 174 432 197 38 104 203 263 297 19 218 16 29 257 237 542 102 119 189 363 466 365 182 98 99 240 13 115 287 156 216 355 496 28 290 143 214 173 211 164 241 207 129 33 366 36 168 92 239 253 369 18 17 526 185 193 228 413 
18:0 332 97 314 403 213 117 445 585 174 432 197 38 104 203 263 297 19 218 416 16 29 257 237 542 63 636 102 119 189 363 466 365 182 98 99 240 13 115 156 216 355 496 28 290 143 214 173 211 164 241 207 129 33 366 36 168 92 239 253 369 18 17 526 185 193 228 287 413 
19:0 372 213 117 44 59 34 61 445 451 585 68 343 242 174 15 111 91 38 104 283 203 263 515 172 116 218 154 447 29 237 158 58 196 231 387 382 102 189 363 365 182 228 98 99 240 156 514 216 279 179 249 496 103 290 247 351 130 214 173 164 389 241 162 207 129 33 39 36 269 168 87 85 86 92 253 369 55 528 526 428 
19:1 372 213 44 59 585 68 343 242 399 91 38 104 373 283 263 515 116 218 154 447 29 237 158 58 196 231 387 382 182 228 511 98 240 156 216 279 179 496 247 421 351 214 188 555 289 173 254 164 389 241 162 207 256 415 33 39 269 168 259 92 253 369 428 103 
20:0 372 213 117 44 59 34 61 445 451 585 68 343 242 174 15 111 91 38 104 283 203 263 116 218 154 416 447 29 237 63 158 58 196 231 387 102 189 363 365 182 228 98 99 240 287 156 514 216 46 249 496 184 290 247 351 130 214 173 666 70 164 389 241 162 207 129 14 33 39 36 269 168 634 87 85 86 92 253 369 55 528 526 428 103 172 179 279 382 515 
20:1 372 213 44 59 339 585 68 343 242 399 91 38 104 373 283 263 116 218 154 416 447 29 237 63 158 58 196 231 282 387 182 228 511 98 240 156 216 46 496 184 247 421 351 214 188 482 555 289 173 666 164 389 241 162 207 14 33 39 269 168 634 259 92 253 369 474 428 103 179 254 256 279 382 415 515 
21:0 332 97 314 372 310 213 226 117 445 585 174 432 197 38 104 65 529 497 203 263 206 297 185 19 116 218 31 45 29 257 237 43 102 119 189 363 466 64 365 182 228 98 99 240 13 156 216 355 496 184 290 143 214 173 211 164 241 207 129 366 36 168 92 161 239 253 369 18 526 
22:0 332 97 314 372 213 117 445 585 174 432 197 38 104 65 529 497 203 263 206 19 116 218 31 416 45 29 257 237 63 636 43 102 119 189 363 466 64 365 182 228 98 99 240 13 156 216 355 496 290 143 214 173 211 164 241 207 129 366 36 168 634 92 161 239 253 369 18 526 184 185 226 297 310 
23:0 51 491 401 213 251 584 117 20 44 34 664 523 445 489 585 242 174 399 91 50 38 104 89 203 263 90 218 380 202 137 441 114 29 237 571 231 43 72 102 426 363 371 305 398 40 342 182 228 99 240 156 216 157 317 496 184 103 290 402 130 21 214 188 482 289 173 180 255 254 70 164 389 241 207 256 415 36 168 259 92 474 35 
24:0 51 491 401 213 584 117 20 44 34 664 523 445 489 585 242 174 399 91 38 104 525 89 203 263 424 90 218 380 202 416 137 441 114 29 237 63 423 571 231 43 72 102 426 363 371 398 40 182 99 240 287 156 216 157 317 496 103 290 402 130 21 214 188 482 289 173 180 255 254 666 70 164 389 241 207 256 36 168 634 422 259 92 474 35 50 184 228 251 305 342 415 
172:0 213 516 117 34 445 268 451 204 585 68 343 174 111 197 586 38 3 104 497 588 527 227 283 203 263 252 175 148 374 266 218 447 29 270 237 231 113 381 393 25 5 102 189 417 363 575 580 579 217 182 240 115 156 216 179 205 496 290 69 351 324 214 173 164 57 207 186 129 39 298 87 85 9 84 86 321 92 253 521 344 528 273 192 
172:1 213 445 451 204 104 203 263 148 374 218 447 29 270 237 231 113 393 189 417 363 220 182 240 156 216 205 290 351 324 214 173 164 207 186 129 39 87 85 84 86 92 253 344 3 9 117 175 179 217 227 252 268 273 321 343 381 496 497 516 521 527 528 585 586 
25:0 97 213 280 451 585 343 91 435 104 497 486 527 263 364 148 374 264 218 447 45 270 237 231 282 113 393 575 580 182 98 240 156 216 249 496 290 351 324 21 214 173 209 70 164 207 39 87 85 9 84 86 92 521 528 3 5 6 19 25 29 34 36 38 47 57 66 68 69 99 102 111 115 117 129 130 174 175 179 186 189 192 197 203 204 205 217 223 227 245 252 253 266 268 273 281 283 298 321 344 363 381 417 445 516 531 586 588 608 609 615 636 168 564 579 
25:7 97 213 34 280 268 451 204 585 343 91 586 435 104 564 497 588 486 527 227 203 263 252 364 175 374 264 218 447 45 270 237 231 282 636 113 393 25 5 417 575 6 580 579 217 182 98 240 115 156 216 179 830 496 351 324 21 214 173 209 164 57 207 186 129 39 168 87 85 9 84 86 321 92 253 521 344 528 273 
25:8 97 213 34 280 268 451 204 585 343 91 586 435 104 564 497 588 486 527 227 203 263 252 364 175 374 264 218 447 45 270 237 231 282 636 113 393 25 5 417 575 6 580 579 217 182 98 240 115 156 216 179 830 496 351 324 21 214 173 209 164 57 207 186 129 39 168 87 85 9 84 86 321 92 253 521 344 528 273 
25:9 97 213 34 280 268 451 204 585 343 91 586 435 104 564 497 588 486 527 227 203 263 252 364 175 374 264 218 447 45 270 237 231 282 636 113 393 25 5 417 575 6 580 579 217 182 98 240 115 156 216 179 830 496 351 324 21 214 173 209 164 57 207 186 129 39 168 87 85 9 84 86 321 92 253 521 344 528 273 
25:10 97 213 34 280 268 451 204 585 343 91 586 435 104 564 497 588 486 527 227 203 263 252 364 175 374 264 218 447 45 270 237 231 282 636 113 393 25 5 417 575 6 580 579 217 182 98 240 115 156 216 179 830 496 351 324 21 214 173 209 164 57 207 186 129 39 168 87 85 9 84 86 321 92 253 521 344 528 273 
25:11 97 213 34 280 268 451 204 585 343 91 586 435 104 564 497 588 486 527 227 203 263 252 364 175 374 264 218 447 45 270 237 231 282 636 113 393 25 5 417 575 6 580 579 217 182 98 240 115 156 216 179 830 496 351 324 21 214 173 209 164 57 207 186 129 39 168 87 85 9 84 86 321 92 253 521 344 528 273 
25:12 97 213 34 280 268 451 204 585 343 91 586 435 104 564 497 588 486 527 227 203 263 252 364 175 374 264 218 447 45 270 237 231 282 636 113 393 25 5 417 575 6 580 579 217 182 98 240 115 156 216 179 830 496 351 324 21 214 173 209 164 57 207 186 129 39 168 87 85 9 84 86 321 92 253 521 344 528 273 
25:13 97 213 34 280 268 451 204 585 343 91 586 435 104 564 497 588 486 527 227 203 263 252 364 175 374 264 218 447 45 270 237 231 282 636 113 393 25 5 417 575 6 580 579 217 182 98 240 115 156 216 179 830 496 351 324 21 214 173 209 164 57 207 186 129 39 168 87 85 9 84 86 321 92 253 521 344 528 273 
26:0 97 213 117 34 280 664 347 445 451 204 585 68 343 174 111 197 91 435 38 104 564 223 497 587 588 486 527 227 203 263 252 364 148 374 411 264 218 416 447 45 29 270 237 63 231 282 636 113 393 25 5 102 189 417 363 575 6 580 579 182 98 99 240 115 156 216 179 830 249 205 496 219 290 69 351 324 130 21 214 173 209 660 70 66 164 57 207 186 129 39 36 168 87 85 9 84 86 92 253 521 528 192 3 19 47 175 217 245 266 268 273 281 283 298 321 344 381 516 531 586 608 609 615 
26:1 97 502 213 34 280 347 451 204 585 343 91 435 104 564 497 588 486 527 227 203 823 263 252 364 374 411 264 218 248 416 447 45 29 270 237 63 231 282 636 113 277 478 393 25 5 417 575 6 580 579 182 94 473 98 240 278 115 156 216 179 830 496 219 69 351 324 21 214 173 209 660 500 164 57 207 186 129 39 477 100 168 87 85 9 84 86 92 253 521 528 3 19 36 38 47 66 68 70 99 102 111 117 130 148 174 175 189 192 197 205 217 223 245 249 266 268 273 281 283 290 298 321 344 363 381 445 516 531 586 608 609 615 
27:0 332 97 133 213 117 34 280 523 445 498 585 68 343 306 174 15 111 197 91 38 104 223 414 89 203 263 90 175 374 264 218 210 154 360 29 237 468 231 282 141 222 232 102 341 189 363 400 398 40 182 99 229 156 216 431 157 249 317 205 603 496 219 28 201 328 841 10 290 69 421 130 163 214 173 446 824 666 70 66 164 241 162 207 129 14 36 168 634 92 526 404 
27:1 332 133 401 213 635 419 117 59 34 280 523 498 585 68 343 306 174 111 91 104 89 203 263 175 374 264 524 218 210 154 360 258 29 237 468 301 58 8 420 556 333 196 334 442 231 282 141 232 243 54 400 398 181 182 229 156 216 157 317 205 496 219 10 69 421 163 214 173 446 796 824 164 241 162 207 129 14 168 634 92 839 526 404 
28:0 332 97 133 213 117 34 280 523 445 585 68 343 306 174 15 111 197 91 38 104 529 223 414 89 203 263 90 374 411 264 218 210 154 416 360 29 237 468 63 231 282 141 222 102 341 189 363 42 398 40 182 99 229 156 216 431 157 249 317 205 496 219 28 201 328 841 10 290 69 421 130 163 214 173 191 446 824 666 444 70 66 164 241 162 207 129 14 36 168 634 92 526 404 175 232 400 498 603 
28:1 332 97 133 401 213 635 419 117 59 34 280 523 585 68 343 111 91 104 529 89 203 263 374 411 264 524 218 210 154 416 360 258 29 237 63 301 58 8 420 556 333 196 334 442 231 282 141 368 232 54 42 398 181 182 229 156 216 157 317 205 496 219 10 69 421 163 214 173 191 446 796 824 164 241 162 207 129 14 168 634 92 839 526 404 174 175 306 400 468 498 
29:0 332 213 251 117 44 59 34 445 204 498 585 68 242 174 15 111 197 91 50 38 24 104 414 497 203 263 260 116 218 154 45 29 270 237 468 58 231 102 189 363 305 398 40 342 182 228 99 240 115 156 216 249 496 10 290 421 351 130 214 188 173 70 164 389 241 162 48 207 33 39 36 168 87 85 92 390 607 474 352 
30:0 332 213 251 117 44 59 34 61 445 204 585 68 242 174 15 111 197 91 38 24 104 414 497 203 263 260 116 218 154 45 29 270 237 468 32 58 231 102 189 363 305 398 40 182 99 240 115 156 216 249 496 10 290 421 351 130 214 188 173 666 70 164 241 162 207 33 39 36 168 87 85 92 390 607 474 55 352 48 50 228 342 389 498 
31:0 332 401 213 419 251 117 44 59 776 34 280 61 523 445 204 498 585 68 242 174 15 111 197 91 38 24 104 406 525 529 223 414 89 497 203 263 126 7 90 53 260 374 411 116 264 218 210 154 416 45 29 270 506 237 624 468 32 63 58 8 196 510 231 25 5 102 341 189 363 200 6 398 40 602 182 511 99 240 115 156 216 46 350 431 157 249 317 496 201 328 841 10 290 69 247 421 351 130 214 188 482 479 173 446 666 444 70 66 164 241 162 276 48 57 207 33 39 36 269 168 634 87 85 9 259 92 390 253 607 474 55 352 250 50 228 305 342 389 
32:0 133 213 251 117 59 34 445 498 585 93 68 174 15 111 197 91 50 38 24 104 529 414 497 203 263 260 116 218 31 29 457 270 237 468 30 32 58 231 43 102 189 363 64 398 40 342 182 99 240 115 156 216 249 496 290 421 351 130 214 188 661 173 70 164 389 241 162 48 207 33 36 168 37 87 85 92 390 607 474 352 
33:0 133 213 251 117 59 34 61 445 585 68 174 15 111 197 91 38 24 104 529 414 497 203 263 260 116 218 31 29 270 237 468 30 32 58 231 43 102 189 363 64 398 40 182 99 240 115 156 216 249 496 290 421 351 130 214 188 661 173 666 70 164 389 241 162 207 33 36 168 87 85 92 390 607 474 55 352 48 50 93 342 457 498 
34:0 133 401 213 419 251 117 59 776 34 280 61 523 445 498 585 68 174 15 111 197 91 38 24 104 406 525 529 223 414 89 497 203 263 126 7 90 53 260 374 411 116 264 218 31 210 416 29 270 506 237 624 468 30 32 63 58 8 196 510 231 43 224 25 5 102 341 189 363 200 6 64 398 40 602 182 511 99 240 115 156 216 46 350 431 157 249 317 496 201 328 841 290 69 247 421 351 130 214 188 482 479 661 173 446 666 444 70 66 164 389 241 162 276 48 57 207 33 36 269 168 37 634 87 85 9 259 92 390 253 607 474 55 352 250 50 93 342 457 
173:0 495 133 312 213 187 34 445 204 585 383 68 343 174 111 197 91 586 38 104 564 138 497 227 283 203 263 313 126 53 148 374 218 447 356 29 505 270 237 304 196 510 231 387 113 345 277 25 5 118 102 599 189 363 171 579 1 217 182 94 244 473 240 278 115 156 216 272 205 496 219 290 69 247 351 324 47 214 173 135 76 150 500 164 241 207 186 477 86 321 92 271 253 352 273 472 526 192 428 
35:0 495 502 133 213 226 516 117 59 34 340 280 61 347 445 451 204 585 383 322 68 343 174 563 111 197 91 586 38 3 104 564 409 138 840 223 497 227 283 203 263 313 126 7 53 148 374 264 266 218 447 356 45 29 215 361 270 237 304 58 8 196 286 510 231 282 387 791 113 381 345 277 25 5 826 309 118 102 107 828 599 572 236 189 573 363 171 579 1 602 182 94 244 473 149 99 240 278 115 156 514 216 249 272 205 496 219 290 69 247 351 324 47 130 214 289 173 135 76 150 651 446 500 70 66 164 241 207 186 36 477 100 87 85 9 86 92 161 271 253 358 55 352 472 526 192 428 187 217 273 312 321 505 
36:0 495 502 133 213 226 117 59 34 340 280 61 347 445 451 204 585 383 322 68 343 174 563 111 197 91 586 38 3 104 564 409 138 840 223 497 227 283 203 263 313 126 7 53 148 374 411 264 266 218 416 447 356 45 29 215 361 270 237 63 304 58 8 196 286 510 231 282 636 387 791 113 345 277 25 5 826 309 118 102 107 828 599 572 236 189 573 363 171 579 1 602 182 94 244 473 149 99 240 278 115 156 514 216 249 272 205 496 219 290 69 247 351 324 47 130 214 289 173 135 76 150 651 446 500 70 66 164 241 207 186 36 477 100 87 85 9 86 92 161 271 253 55 352 472 526 192 428 187 217 273 312 321 358 381 505 516 
37:0 97 213 560 117 34 833 445 204 585 109 343 174 399 91 50 38 104 52 227 203 412 326 263 185 126 83 175 481 488 53 394 492 218 288 29 257 506 237 336 95 286 510 517 231 262 102 573 363 466 315 220 371 384 182 244 98 99 115 156 216 46 272 496 219 290 130 214 173 180 164 241 207 129 33 541 39 36 92 311 428 261 
37:1 97 401 213 62 635 560 59 34 445 609 204 585 109 343 399 563 91 50 104 564 227 203 326 263 185 175 492 568 524 218 288 258 29 215 506 237 336 95 58 420 196 286 231 54 572 220 371 181 384 182 244 240 115 156 216 46 272 496 219 290 329 214 173 180 164 207 129 33 541 39 92 311 428 
38:0 97 213 117 34 833 347 445 585 109 343 174 399 91 50 38 104 138 52 227 203 412 326 263 313 126 83 488 53 394 492 218 416 288 29 257 506 237 63 95 286 510 517 231 636 102 573 417 363 466 315 220 371 384 182 244 473 98 99 115 156 216 46 272 496 219 841 290 247 130 214 173 76 180 500 164 241 207 129 33 541 39 36 92 311 428 175 185 204 261 336 481 560 262 
38:1 97 401 213 62 635 419 59 34 347 204 585 109 343 399 563 91 50 104 564 138 227 203 326 263 313 492 524 218 416 288 258 29 215 506 237 63 95 58 420 196 286 231 636 54 599 417 220 371 181 384 182 244 473 240 115 156 216 46 272 496 219 329 214 173 76 180 500 164 207 129 33 541 39 92 839 311 472 428 175 185 290 336 445 560 568 572 609 
174:0 213 34 340 445 204 585 383 68 343 174 111 197 91 50 586 38 104 564 138 497 283 203 263 313 185 126 53 148 374 218 447 356 29 215 505 270 237 304 196 510 387 113 277 25 5 102 599 189 363 171 220 195 579 1 217 182 94 244 386 240 278 115 156 216 272 205 496 219 103 290 69 247 351 47 214 173 76 164 241 207 186 86 321 92 253 352 528 273 526 192 
39:0 502 213 226 117 59 34 340 280 61 445 451 204 585 383 68 343 174 563 111 197 91 50 586 38 3 104 564 409 138 223 497 283 203 263 313 126 7 53 148 374 264 218 447 356 360 29 215 270 237 304 58 8 196 510 282 387 113 277 25 5 102 828 599 189 363 171 220 580 579 1 602 182 94 244 149 99 240 278 115 156 514 216 272 205 496 219 103 290 69 120 247 351 47 130 214 289 173 76 255 446 824 254 70 66 164 241 207 256 186 36 477 100 87 85 9 86 92 161 253 358 55 352 528 526 192 185 195 217 273 321 386 505 
40:0 502 213 226 117 59 34 340 280 61 445 451 204 585 383 68 343 174 563 111 197 91 50 586 38 3 104 564 409 138 223 497 283 203 823 263 313 126 7 53 148 374 411 264 218 416 447 356 360 29 215 270 237 63 304 58 8 196 510 282 636 387 113 277 478 25 5 102 107 828 599 189 363 171 220 579 1 602 182 94 244 149 99 240 278 115 156 514 216 272 205 496 219 103 290 69 120 247 351 47 130 214 289 173 76 255 446 824 254 70 66 164 241 207 256 186 36 477 100 87 85 9 86 92 161 253 55 352 528 526 192 185 195 217 273 321 358 386 505 580 
41:0 71 512 332 97 314 403 372 310 213 117 44 413 445 585 109 242 174 432 197 38 104 840 203 263 185 19 218 202 16 114 29 257 237 95 141 212 72 102 417 363 466 371 365 305 182 228 98 501 99 240 13 156 216 355 496 290 247 214 188 289 173 211 164 241 162 48 207 129 366 36 269 168 259 92 239 253 369 607 474 18 17 428 
42:0 71 512 332 97 314 403 372 310 213 117 44 413 445 585 109 242 174 432 197 38 104 840 203 263 19 218 202 416 114 29 257 237 63 141 212 72 102 417 363 466 371 365 305 182 98 501 99 240 13 156 216 355 496 103 290 247 214 188 289 173 211 164 241 162 48 207 129 366 36 269 168 259 92 239 253 369 607 474 18 17 428 16 95 185 228 
169:0 71 512 332 97 314 403 372 310 213 44 413 445 585 109 440 242 174 399 432 197 38 104 840 203 263 19 218 202 416 114 257 506 237 542 63 141 212 102 417 363 466 371 365 305 182 501 240 156 216 355 496 103 290 247 143 214 188 289 173 211 164 241 162 48 207 129 366 269 168 259 92 239 253 369 607 474 17 404 428 13 16 18 36 72 95 98 99 117 185 228 
43:0 71 51 495 213 117 331 445 204 585 174 15 563 38 104 203 412 263 175 148 218 380 202 447 829 593 74 29 237 571 275 73 381 72 102 572 236 363 267 80 77 182 99 75 115 156 216 496 290 402 79 214 188 173 76 650 78 164 241 207 230 14 235 36 298 321 92 474 388 
44:0 71 51 495 213 117 331 445 204 585 174 15 563 38 104 409 203 412 263 148 374 218 380 202 447 829 593 74 29 237 571 381 72 102 572 236 363 267 570 80 77 182 99 75 115 156 216 496 290 402 79 214 188 173 76 78 164 241 207 230 14 235 36 92 474 388 73 175 275 298 321 650 
45:0 71 51 495 312 213 117 34 331 445 204 585 836 174 15 563 38 104 409 203 412 263 148 374 218 380 202 416 447 829 593 74 29 237 63 571 72 102 572 236 363 267 570 80 77 654 182 99 115 156 216 496 219 290 402 79 214 188 482 173 76 78 164 241 207 230 14 235 36 92 474 388 73 75 175 275 298 321 381 650 
182:0 71 51 495 213 226 331 445 204 585 174 15 563 38 104 409 203 412 263 148 374 218 380 202 416 447 829 593 74 270 237 63 571 636 348 437 345 72 102 572 236 363 267 570 80 579 77 182 483 156 216 496 219 290 402 79 214 188 173 76 78 164 241 207 230 14 235 92 253 474 388 36 73 75 99 115 117 175 275 298 321 381 650 
46:0 71 332 495 97 312 213 117 34 280 450 331 445 585 68 440 174 15 91 38 104 203 412 263 206 591 175 148 218 210 154 202 447 593 74 29 237 468 282 141 73 113 72 232 102 363 267 77 182 60 228 99 476 115 287 156 216 249 603 496 10 103 290 402 130 163 79 214 188 173 76 147 81 522 78 164 241 207 230 14 235 36 168 92 474 469 388 404 
47:0 71 332 495 312 213 117 34 280 450 331 445 585 68 440 174 15 91 38 104 203 412 263 206 148 218 210 154 202 416 447 74 29 237 468 63 282 141 73 113 72 102 363 267 77 182 99 476 115 156 216 249 496 10 103 290 402 130 163 79 214 188 173 76 147 81 522 78 164 241 207 230 14 235 36 168 634 92 474 388 404 60 97 175 228 232 287 469 591 593 603 
48:0 97 213 226 117 450 445 585 93 174 50 38 104 203 263 148 193 218 202 29 237 571 141 72 102 234 363 305 77 182 60 94 149 99 476 115 156 216 496 103 290 324 285 79 214 188 173 76 81 522 78 164 241 48 207 230 129 33 36 168 92 390 474 428 
49:0 512 332 97 314 213 117 450 405 445 585 93 174 432 50 38 104 138 203 412 263 148 193 218 202 416 16 29 237 63 571 141 72 102 363 466 305 77 182 60 94 149 483 99 13 115 287 156 216 355 496 103 290 324 318 285 79 214 188 173 76 81 522 78 164 241 48 207 230 129 33 366 36 100 168 92 239 369 474 18 428 226 234 390 476 
50:0 332 97 502 246 372 310 213 251 117 34 523 445 585 174 15 91 38 104 414 89 497 203 263 185 515 90 218 154 45 29 237 468 222 262 102 426 189 363 182 228 99 156 216 179 157 249 317 496 28 201 841 10 103 290 421 163 214 188 173 446 666 164 389 241 207 36 168 92 253 526 
50:1 332 97 502 246 372 310 213 251 34 523 585 91 104 414 89 497 203 263 185 515 90 430 218 154 45 29 237 468 334 442 222 262 232 319 426 189 182 228 156 216 179 157 317 496 28 201 841 10 103 421 163 214 188 173 446 796 666 164 389 241 207 168 37 92 253 526 
51:0 332 97 502 372 310 213 251 117 34 523 445 204 585 174 15 91 38 104 414 89 497 203 263 90 218 154 416 45 29 237 624 468 63 222 102 426 189 363 400 182 99 156 216 179 157 249 317 603 496 28 201 328 841 10 103 290 421 163 214 188 482 173 446 666 444 164 389 241 207 36 168 92 161 253 526 185 228 246 262 515 
51:1 332 97 502 372 310 213 251 34 523 585 91 104 414 89 497 203 263 90 430 218 154 416 45 29 237 624 63 334 442 222 232 426 189 400 182 156 216 179 157 317 603 496 28 201 328 841 10 103 421 163 214 188 482 173 446 796 666 444 164 389 241 207 168 92 161 253 526 37 185 228 246 262 319 515 
52:0 332 133 274 372 213 117 44 34 61 445 204 585 343 174 15 399 111 197 91 38 104 138 497 203 263 252 364 185 175 148 492 218 154 45 441 608 29 237 468 304 95 196 231 282 834 387 102 189 417 363 171 400 316 371 6 80 579 182 244 386 99 240 156 514 216 496 10 103 290 402 247 421 351 47 130 163 214 289 173 180 164 241 207 129 39 36 269 168 634 87 85 259 92 253 369 55 352 526 192 
52:1 332 133 274 372 213 44 34 445 204 585 343 399 91 104 138 497 373 203 263 252 364 185 175 260 492 218 154 45 441 29 237 304 95 196 231 282 834 387 417 400 600 371 6 579 182 244 386 511 240 156 514 216 496 10 103 402 247 421 351 163 214 289 173 180 164 241 207 129 269 168 634 87 85 259 92 253 369 352 526 
52:2 133 372 213 34 343 242 174 399 91 38 203 263 252 175 492 154 45 441 360 468 304 334 442 231 834 232 319 417 400 371 6 579 182 240 156 514 496 10 103 402 247 421 163 214 173 180 796 164 241 207 14 269 168 37 634 87 85 253 369 526 
53:0 332 133 372 213 117 44 34 61 445 204 585 343 174 15 399 111 197 91 38 104 138 497 373 203 263 252 364 185 148 492 218 154 416 45 441 29 237 468 63 304 95 196 231 282 834 387 102 189 417 363 171 400 371 6 579 408 182 244 99 240 156 514 216 46 496 10 103 290 402 247 421 351 832 130 163 214 289 173 180 164 241 207 129 415 36 269 168 634 87 85 259 92 253 369 55 352 526 192 39 47 80 175 274 316 386 608 
53:1 332 133 372 213 251 44 34 833 445 204 585 343 399 91 104 138 497 373 203 263 252 313 364 185 492 218 154 416 45 441 29 237 63 304 95 196 231 282 834 387 417 400 371 6 579 408 182 244 511 240 156 514 216 46 496 10 103 402 247 421 351 832 163 214 555 289 173 180 164 241 207 129 415 269 168 634 87 85 259 92 253 369 352 526 175 260 274 386 600 
863:0 133 372 213 226 34 370 242 399 91 203 263 252 374 492 154 416 45 441 360 484 468 63 304 334 442 231 834 368 232 319 417 371 6 579 182 240 156 514 496 10 103 402 247 421 163 214 173 796 164 241 207 14 269 168 37 634 87 85 253 369 526 180 38 174 175 400 343 39 44 95 129 196 204 364 387 
54:0 332 133 401 213 117 59 34 280 362 61 347 445 499 585 109 93 68 238 174 91 50 291 38 104 223 227 203 263 148 374 264 193 218 154 248 258 29 237 468 56 95 58 8 196 231 113 25 5 102 426 189 300 363 6 602 182 60 94 244 473 99 240 287 156 216 249 272 496 503 10 103 290 69 421 324 493 130 214 173 487 70 66 164 57 207 129 485 39 36 477 92 127 55 352 346 250 472 388 281 428 
55:0 332 133 453 401 213 117 59 34 280 362 61 347 445 204 585 93 68 174 91 50 291 38 104 223 227 203 263 148 374 838 411 264 218 210 154 248 416 258 29 237 468 56 63 58 8 196 231 636 113 668 67 490 382 25 5 102 330 189 363 6 602 182 60 94 244 473 99 240 156 216 431 249 272 496 503 10 103 290 69 421 324 130 214 173 487 70 66 164 57 207 129 39 36 477 92 127 55 352 346 250 472 388 281 428 95 109 193 238 287 300 426 485 493 499 
56:0 512 332 372 213 251 117 34 280 339 523 445 370 585 68 343 238 174 111 197 91 38 104 530 223 89 227 283 203 263 515 7 374 411 116 264 193 218 154 441 29 270 237 468 8 231 2 43 67 490 96 25 5 118 102 189 363 400 200 315 371 6 398 658 602 182 244 386 228 99 240 156 514 216 279 179 431 157 249 317 272 496 10 103 290 402 69 130 214 479 265 173 180 666 70 66 164 241 207 129 36 269 168 37 87 85 9 92 253 369 410 526 
57:0 512 332 372 213 117 34 280 339 523 445 370 585 68 343 238 174 111 197 91 38 104 530 223 89 227 283 203 263 515 7 374 411 116 264 218 154 416 441 29 270 237 468 63 8 231 2 43 67 490 25 5 118 102 189 363 200 315 371 6 398 602 182 244 386 228 99 240 156 514 216 179 431 157 249 317 272 496 10 103 290 402 69 130 214 479 173 180 666 444 70 66 164 241 207 129 36 269 168 37 634 87 85 9 92 253 369 410 526 96 193 251 265 279 400 658 
58:0 332 97 213 117 44 34 659 445 204 370 585 343 242 174 91 38 24 104 225 82 52 203 263 126 424 83 481 488 53 172 394 218 29 257 270 237 336 510 231 43 102 234 189 363 316 200 315 579 182 665 99 115 156 514 216 179 46 249 496 219 290 130 214 555 173 70 164 241 207 129 36 168 37 92 528 261 442 
59:0 332 97 213 117 44 34 523 659 445 370 585 343 242 174 91 38 104 225 406 82 52 203 245 263 126 424 83 488 53 172 394 218 416 29 257 270 237 336 63 304 510 442 231 636 43 102 189 363 316 200 315 579 182 665 99 115 156 514 216 179 46 431 249 496 219 184 841 290 130 214 555 173 76 70 164 241 276 207 129 36 100 168 422 92 528 24 37 204 234 261 481 512 
60:0 133 213 187 117 59 34 145 61 523 445 585 174 111 91 291 38 3 104 414 227 283 203 263 218 258 114 29 270 237 56 95 301 58 196 67 102 170 54 426 330 341 363 1 182 94 149 99 240 287 156 216 496 503 290 130 214 173 150 164 57 207 186 36 168 92 358 127 55 352 346 250 
61:0 133 213 187 117 59 34 280 145 61 523 445 585 68 174 111 197 91 291 38 3 104 414 89 227 283 203 263 90 374 264 218 258 29 270 237 56 95 58 8 196 67 25 5 118 102 426 330 341 189 363 1 602 182 94 149 99 240 156 216 249 496 503 290 69 130 214 173 70 66 164 57 207 36 168 92 358 127 55 352 346 250 54 114 150 170 186 287 301 
62:0 213 187 117 59 34 280 145 61 339 523 445 509 370 837 585 68 174 643 111 197 91 291 38 3 104 409 530 223 414 89 227 283 203 263 90 374 411 264 218 416 258 114 29 270 237 624 56 63 95 58 8 196 668 490 25 5 118 102 170 54 330 341 189 363 371 398 1 602 182 94 149 99 240 156 216 179 431 157 249 317 496 503 290 69 130 214 173 70 66 164 276 57 207 36 168 634 92 410 127 55 352 250 526 133 150 186 287 301 346 358 426 
186:0 213 187 59 34 340 280 61 523 445 585 68 174 111 197 91 291 38 3 104 223 414 89 497 227 283 203 263 374 411 264 218 416 258 29 270 237 56 63 304 95 58 8 196 668 25 5 118 102 330 341 189 363 371 195 1 602 182 94 240 156 216 249 496 503 103 290 69 214 173 70 164 57 207 168 92 253 127 55 352 311 250 36 54 66 90 99 114 117 130 133 145 149 150 170 186 287 301 346 358 426 
63:0 502 213 112 117 34 347 445 451 585 93 68 174 563 38 104 409 138 223 373 227 203 412 263 7 148 374 264 492 218 447 356 470 385 29 237 8 231 282 113 277 478 25 5 118 102 363 171 384 379 182 94 633 375 244 473 149 99 240 278 115 156 216 272 496 219 290 69 247 351 324 285 130 214 289 173 660 66 164 241 207 129 36 269 477 100 168 9 86 259 92 161 271 433 472 192 428 
64:0 502 213 117 34 347 445 451 585 93 68 174 563 91 50 38 104 409 138 223 373 227 203 412 823 263 7 148 374 264 492 218 248 447 356 385 29 237 8 231 134 282 113 277 478 25 5 118 102 357 363 171 101 384 182 60 94 633 427 244 473 149 99 240 105 278 115 156 216 272 496 219 290 69 247 351 324 285 130 214 289 173 660 66 164 241 207 129 36 269 477 100 168 9 86 259 92 161 271 433 472 192 428 112 375 379 470 
65:0 502 213 112 117 34 347 445 451 585 93 68 174 563 91 50 38 104 409 138 223 373 227 203 412 823 263 7 148 374 411 264 492 218 248 416 447 356 385 29 237 63 8 286 231 134 282 636 113 277 478 25 5 118 102 357 417 363 171 101 384 182 60 94 633 427 244 473 149 99 240 105 278 115 156 216 272 496 219 290 69 247 351 324 285 130 214 289 173 660 500 66 164 241 207 129 36 269 477 100 168 9 86 259 92 161 271 433 472 192 428 375 379 470 
66:0 213 117 34 280 339 523 418 445 370 837 585 68 238 174 197 91 38 104 530 223 89 227 203 263 126 7 90 53 374 411 116 264 193 218 29 484 270 237 8 510 2 282 43 113 67 490 96 25 5 118 102 189 363 371 398 379 602 182 501 99 240 156 514 216 279 179 431 157 249 317 272 27 496 184 290 69 130 214 479 265 173 70 66 164 241 276 207 36 168 9 321 92 410 233 358 526 
67:0 213 117 34 280 339 523 445 370 837 585 68 238 174 197 91 38 104 530 223 89 227 203 263 126 7 90 53 374 411 116 264 193 218 29 484 270 237 8 510 2 282 43 113 67 490 25 5 118 102 189 363 371 398 602 182 99 240 156 514 216 279 179 431 157 249 317 272 496 184 290 69 130 214 479 173 666 70 66 164 241 276 207 36 168 9 92 410 233 358 526 27 96 265 321 379 418 501 
68:0 372 213 117 34 280 339 523 445 370 837 585 68 238 440 174 643 197 91 38 104 530 223 89 227 203 263 126 7 90 53 374 411 116 264 193 218 416 29 484 270 237 624 63 8 510 2 282 43 113 67 490 25 5 118 102 189 363 371 398 602 182 501 99 240 156 514 216 279 179 350 431 157 249 317 272 496 184 290 69 130 214 479 173 666 444 70 66 164 241 276 207 36 168 634 9 92 410 233 358 469 526 27 96 265 321 379 418 
69:0 51 491 213 584 117 20 331 445 499 585 174 15 38 104 227 203 412 263 148 218 380 202 447 74 29 237 571 275 282 141 345 72 102 363 267 398 77 438 182 99 75 115 156 216 496 290 402 21 79 214 188 173 76 650 78 164 389 241 207 230 14 235 36 298 168 321 92 474 22 311 388 35 378 
70:0 51 213 117 20 450 331 445 585 174 15 38 104 203 412 263 148 218 380 202 447 74 29 237 571 282 345 72 102 234 363 267 398 77 182 99 75 115 156 216 496 290 402 21 79 214 188 173 76 78 164 389 241 207 230 14 235 36 168 92 474 22 388 35 378 141 227 275 298 311 321 438 491 499 584 650 
71:0 51 213 117 20 34 450 331 445 499 585 174 15 38 104 203 412 263 148 218 380 202 416 447 74 29 237 63 571 282 348 437 536 141 72 102 363 267 398 77 438 182 99 75 115 156 216 496 290 402 79 214 188 173 76 255 254 78 164 389 241 207 256 230 14 235 36 168 92 474 22 388 35 21 227 234 275 298 311 321 345 378 491 584 650 
72:0 51 151 491 367 392 213 62 112 117 20 59 362 664 145 61 445 585 109 132 440 174 15 563 291 38 104 203 263 218 202 258 114 29 506 237 56 58 196 571 282 277 72 102 243 330 363 371 398 40 182 99 240 229 115 156 216 496 219 503 103 290 130 214 188 482 173 164 48 57 207 14 36 168 321 92 390 474 127 55 352 250 35 378 
73:0 51 151 491 213 112 117 20 59 362 664 61 445 585 132 836 440 174 15 563 291 38 104 203 263 218 202 416 258 114 29 506 237 56 63 58 196 571 282 277 72 102 243 330 363 371 398 40 182 99 240 115 513 156 216 496 219 503 103 290 130 214 188 482 173 164 48 57 207 14 36 168 92 390 607 474 127 55 352 250 35 378 62 109 145 229 321 367 392 
74:0 246 213 475 117 335 34 280 523 445 585 68 174 111 91 38 104 223 414 89 203 153 263 126 7 90 175 53 374 264 218 360 359 106 29 237 510 334 222 5 118 102 189 300 363 267 602 182 99 156 216 350 431 397 157 249 88 317 205 496 28 201 290 69 120 214 479 173 446 444 70 66 164 389 241 276 207 33 36 9 92 469 
74:1 213 475 117 335 280 664 523 268 451 585 68 174 111 91 435 38 104 414 89 527 203 153 263 126 7 175 53 374 264 218 360 29 237 334 393 267 182 156 216 350 431 397 157 88 317 205 496 201 103 69 120 214 479 173 209 446 444 164 241 276 207 33 36 87 85 9 84 86 92 521 469 
75:0 246 213 117 335 34 280 523 445 585 68 174 111 91 38 104 223 414 89 203 153 263 126 7 90 53 374 264 218 360 106 29 237 510 334 222 5 118 102 189 300 363 267 602 182 99 156 216 350 431 397 157 249 88 317 205 496 28 201 290 69 120 214 479 173 446 666 444 70 66 164 389 241 276 207 33 36 9 92 175 359 469 475 
75:1 502 213 117 335 280 664 523 268 451 585 111 91 435 38 104 414 89 527 153 263 126 7 53 374 264 218 360 29 237 334 393 267 182 156 216 350 397 157 88 317 205 496 201 69 120 351 214 479 173 209 446 666 444 164 241 276 207 33 36 87 85 9 84 86 92 521 68 103 174 175 203 431 469 475 
76:0 246 213 117 335 34 280 523 445 585 68 174 111 91 38 104 223 414 89 203 153 263 126 7 90 53 374 411 264 218 210 416 360 106 29 484 237 63 510 334 442 222 25 5 118 102 189 300 363 267 602 182 99 156 216 46 350 431 397 157 249 88 317 205 496 28 201 290 69 120 214 479 173 446 537 666 444 70 66 164 389 241 276 207 33 36 9 92 175 359 469 475 
76:1 502 213 117 335 280 664 523 268 451 585 111 91 435 38 104 414 89 497 527 153 263 126 7 53 374 411 264 218 416 360 29 484 237 63 334 442 393 5 267 182 156 216 46 350 397 157 88 317 496 201 69 120 351 214 479 173 209 446 537 666 444 164 241 276 207 33 36 87 85 9 84 86 92 521 528 68 103 174 175 203 205 431 469 475 
77:0 97 502 213 117 34 340 445 204 585 174 38 24 104 497 52 203 263 126 83 488 53 172 394 218 45 29 257 237 624 32 95 510 517 231 67 102 234 573 363 315 579 182 98 99 115 156 216 496 290 130 214 173 76 630 23 70 164 241 207 129 33 39 36 37 92 528 261 
77:1 97 502 213 34 340 347 204 93 563 38 24 203 823 263 565 248 45 361 505 624 32 95 286 231 67 234 573 579 182 60 94 156 496 214 173 23 500 164 129 33 39 36 37 528 428 
78:0 97 502 213 226 117 34 340 445 204 585 174 38 24 104 529 497 52 203 263 126 83 488 53 172 394 218 31 416 45 29 257 237 624 32 63 95 510 517 231 67 224 102 573 363 315 6 579 398 182 98 99 115 156 216 496 841 290 130 214 661 173 76 630 23 70 164 241 207 129 14 33 39 36 634 92 528 37 234 261 
78:1 97 502 213 226 34 340 347 204 93 563 529 203 823 263 565 248 416 45 361 505 624 63 286 231 67 478 224 599 573 6 579 182 60 94 633 427 98 156 496 214 661 173 23 500 164 129 14 33 39 36 634 433 528 472 428 24 32 37 38 95 234 
79:0 495 133 401 213 584 187 117 59 335 34 362 61 523 347 445 585 93 174 91 50 291 38 104 138 89 497 203 823 263 126 90 53 148 218 248 447 45 258 29 505 237 56 58 196 286 510 231 113 668 277 382 102 341 189 300 363 171 6 182 94 633 244 473 149 99 240 278 115 156 216 496 219 503 290 247 324 285 130 303 214 173 23 500 70 164 241 57 207 129 33 36 477 100 86 92 161 271 433 55 352 311 250 472 281 192 428 8 
79:1 51 133 213 584 187 59 335 34 362 523 347 93 174 91 50 291 89 203 823 263 126 53 492 248 447 45 258 29 505 56 58 196 286 231 113 668 341 6 182 94 633 244 473 240 156 496 219 503 247 285 303 214 173 23 500 164 241 57 129 33 86 161 271 433 352 311 250 472 281 428 
80:0 332 495 133 401 213 419 117 59 335 776 34 280 362 61 523 347 445 585 93 68 174 91 50 291 38 104 409 138 223 89 497 203 823 263 126 90 53 148 374 411 264 492 218 210 248 416 447 45 258 29 505 237 56 63 58 8 196 286 510 334 231 113 668 277 25 5 102 330 341 189 417 363 171 6 182 94 633 244 473 149 99 240 534 278 115 156 216 249 496 219 503 290 69 247 324 285 130 303 214 173 23 500 70 66 164 241 57 207 129 33 36 477 100 86 92 161 271 433 55 352 311 250 110 472 281 192 428 187 300 382 584 
80:2 51 133 213 419 59 34 280 362 664 523 347 93 174 91 50 291 409 89 203 823 263 126 53 374 411 492 248 416 447 45 258 29 505 56 63 58 8 196 286 334 231 113 668 25 5 330 341 417 6 398 182 94 633 244 473 240 534 156 496 219 503 247 285 303 214 188 482 173 500 164 241 57 129 33 86 161 271 433 474 55 352 311 250 110 472 281 428 827 
199:0 495 502 133 401 213 419 59 335 34 280 362 523 347 445 585 93 68 174 91 50 291 38 104 525 409 138 223 89 497 203 823 263 126 53 148 374 411 264 492 218 210 248 416 447 45 258 29 505 237 56 63 58 8 196 286 510 334 231 636 113 668 277 25 5 102 330 341 189 417 363 171 6 408 602 182 94 633 244 473 511 240 534 278 156 216 249 496 219 503 290 69 247 324 285 303 214 173 500 70 164 241 57 207 129 33 477 86 92 161 271 433 376 55 352 311 250 472 281 192 428 23 36 61 90 99 100 115 117 130 149 187 300 382 584 
199:1 51 133 213 419 59 34 280 362 523 347 93 174 91 50 291 409 89 852 203 823 263 126 53 374 411 492 248 416 447 45 258 29 505 506 56 63 58 8 196 286 334 231 113 668 25 5 330 341 417 6 408 182 94 633 244 473 240 534 156 496 219 503 247 285 303 214 188 482 173 500 164 241 57 207 129 33 86 161 271 433 607 474 352 311 250 472 281 428 
81:0 117 451 585 174 435 38 104 486 527 203 153 263 148 430 218 356 360 29 237 334 113 199 277 443 393 319 102 429 363 182 244 99 240 278 115 156 216 830 205 496 103 290 351 324 214 173 49 209 796 164 241 48 207 129 33 36 100 87 85 84 86 92 521 528 192 
82:0 117 451 585 174 435 38 104 588 486 527 203 153 263 148 430 218 416 356 360 29 237 63 334 113 199 277 443 393 319 102 429 363 182 244 99 240 278 115 287 156 216 830 205 496 103 290 351 324 214 173 49 209 796 164 241 48 207 129 33 36 100 87 85 84 86 92 161 521 528 192 
462:0 502 112 776 451 585 435 104 588 486 527 203 153 263 148 430 218 416 356 360 484 237 63 334 442 113 199 277 443 597 393 319 243 429 363 182 244 240 278 115 156 216 830 205 496 103 290 120 351 324 214 173 49 209 796 824 164 241 48 207 129 33 87 85 84 86 92 161 521 528 192 29 38 102 287 
83:0 512 332 97 314 403 213 226 117 34 413 664 445 370 585 343 174 15 432 197 38 104 840 203 263 206 297 364 515 646 175 19 116 193 218 31 210 16 29 257 270 237 231 282 636 387 348 43 102 119 189 363 400 466 64 365 398 182 244 98 99 75 13 115 156 514 216 279 355 496 28 290 493 130 143 163 214 173 630 211 164 241 207 129 14 366 36 168 634 92 376 239 253 369 18 273 526 281 
83:1 372 213 34 413 280 664 370 68 343 174 432 197 38 840 203 263 364 515 175 116 210 270 282 348 43 400 64 398 182 98 501 156 514 279 249 496 28 493 143 21 214 173 630 211 164 241 276 14 634 526 
865:0 372 213 34 413 280 664 370 837 432 197 840 203 263 515 646 116 210 829 270 334 282 348 43 794 64 398 182 156 514 279 249 496 28 21 214 173 630 211 164 241 276 14 634 526 68 98 175 501 174 343 400 493 38 364 143 
84:0 367 332 97 314 372 213 117 34 413 445 585 174 38 458 104 65 497 283 203 263 185 175 19 218 31 45 114 29 237 26 282 102 119 189 363 64 365 182 228 98 99 115 156 216 355 496 290 130 143 214 173 211 164 241 48 207 129 14 36 168 37 92 161 253 18 526 
85:0 367 332 97 314 213 226 117 34 445 585 174 38 458 104 65 497 283 203 263 19 218 31 416 45 29 237 63 26 282 102 119 189 363 371 64 365 182 228 98 99 115 156 216 355 496 290 130 143 214 173 211 666 164 241 48 207 129 14 36 269 168 37 259 92 161 253 18 526 114 175 185 372 413 
86:0 453 392 401 213 62 584 117 59 34 362 61 445 585 174 50 291 38 104 529 497 227 203 494 263 252 374 218 45 258 29 270 237 32 58 420 333 196 231 122 224 102 363 6 64 195 182 99 240 156 216 496 219 290 324 130 21 214 661 173 255 254 70 164 57 207 256 36 168 92 127 55 352 346 250 
87:0 453 392 401 213 62 419 117 59 34 362 61 445 585 174 291 38 104 529 497 227 203 263 252 374 524 218 416 45 258 29 270 237 32 63 58 420 196 231 668 224 102 363 6 182 99 240 156 216 496 219 290 329 324 130 214 661 173 70 164 57 207 36 168 92 127 55 352 250 21 50 64 122 195 254 255 256 333 346 494 584 
88:0 151 491 213 584 117 34 445 585 174 91 50 104 223 203 153 263 126 7 53 374 218 202 441 106 114 29 270 237 8 286 510 571 122 212 72 262 102 107 426 189 363 220 371 139 398 1 602 182 99 240 156 216 157 317 496 184 103 290 120 247 325 425 351 214 124 188 482 173 255 254 70 164 241 207 256 269 168 87 85 9 259 92 474 192 
88:1 151 491 372 213 584 44 664 499 585 242 174 91 50 104 373 153 263 126 7 53 374 218 380 202 441 106 29 270 237 8 286 571 282 212 72 262 107 220 371 305 139 398 1 602 182 228 511 240 156 216 397 157 317 496 184 103 120 247 425 351 214 188 482 555 173 180 255 254 444 164 241 207 256 269 168 9 259 92 474 
89:0 151 213 584 117 335 34 280 445 585 174 399 91 50 104 223 203 153 263 126 7 53 374 411 264 218 202 416 441 106 114 29 270 237 63 8 510 571 72 262 102 107 572 426 189 363 220 371 139 398 1 602 182 99 240 156 216 157 249 317 496 103 290 120 247 351 214 124 188 482 173 70 164 241 207 269 168 87 85 9 259 92 607 474 192 122 184 212 254 255 256 286 325 425 491 
89:1 151 491 213 584 44 335 280 664 585 242 399 91 50 104 373 153 263 126 7 53 374 411 264 492 218 380 202 416 441 106 114 29 270 237 63 8 571 282 72 262 107 572 220 371 305 139 398 1 182 511 240 278 156 216 397 157 317 496 103 120 247 351 214 188 482 555 173 180 444 164 241 207 269 168 9 259 92 607 474 174 184 212 228 254 255 256 286 372 425 499 602 
90:0 392 213 62 419 112 117 59 362 61 445 128 585 174 291 38 104 203 153 263 218 258 29 237 56 58 420 333 196 334 43 791 668 102 341 363 371 182 99 240 229 534 115 287 156 216 350 496 103 290 120 504 214 173 164 48 57 207 129 33 36 100 92 161 41 55 352 250 110 
91:0 213 62 419 112 117 59 362 61 445 128 585 174 291 38 104 203 153 263 524 218 416 258 29 237 56 63 58 420 556 333 196 334 43 113 668 102 341 363 371 42 398 182 99 240 534 115 156 216 350 496 103 290 120 504 324 214 661 173 131 191 824 164 48 57 207 129 33 36 100 259 92 390 161 41 55 352 311 250 110 229 287 392 791 
92:0 502 310 213 117 445 499 585 109 836 174 399 563 194 50 104 138 373 203 412 153 263 7 492 218 202 288 114 29 506 237 95 8 196 571 282 122 212 72 102 363 171 101 466 220 371 195 139 398 835 182 94 244 149 99 240 513 156 216 496 184 290 120 247 285 832 214 188 482 123 289 173 180 164 389 241 207 269 477 168 87 85 9 259 92 271 433 253 474 472 192 261 
93:0 502 213 117 445 585 109 836 174 399 563 194 104 138 373 227 203 412 153 263 7 374 492 218 202 29 506 237 95 8 196 571 282 122 212 72 102 363 171 101 466 220 371 139 398 835 182 94 244 149 99 240 156 216 496 184 290 120 247 421 325 285 832 214 188 482 123 289 173 180 164 389 241 207 269 477 168 87 85 9 259 92 271 433 253 474 472 192 50 114 195 261 288 310 499 513 
94:0 502 310 213 117 34 280 445 585 109 836 68 174 399 563 194 50 38 104 409 138 223 373 227 203 412 153 263 7 374 411 264 492 218 202 416 114 29 506 237 63 95 8 196 286 571 282 636 122 212 72 25 5 118 102 417 363 171 101 466 220 371 195 578 139 398 835 602 182 94 244 149 99 240 513 156 216 249 272 496 184 290 69 120 247 421 325 285 832 130 214 188 482 123 289 173 180 70 66 164 389 241 207 36 269 477 168 87 85 9 259 92 271 433 253 474 472 192 261 288 499 
95:0 246 213 117 20 335 776 34 784 664 523 445 585 174 111 91 38 104 225 349 406 525 529 414 89 203 153 263 90 175 430 218 360 106 29 457 484 237 624 442 231 826 102 189 300 363 267 371 182 244 99 156 216 46 350 431 397 157 249 88 317 205 603 496 201 328 184 841 103 290 120 130 21 214 479 173 446 666 444 70 164 241 207 33 36 269 259 92 239 469 
208:0 246 401 213 475 20 335 776 34 784 664 523 445 585 242 174 15 399 111 91 38 104 225 349 406 525 529 414 89 203 153 263 424 430 218 416 360 106 29 484 237 624 63 423 334 442 231 393 826 102 189 300 363 267 371 182 665 244 99 156 216 46 350 431 397 157 249 88 317 205 496 201 328 184 841 103 290 120 21 214 479 173 446 796 824 666 444 70 164 241 207 33 269 422 259 92 239 36 90 117 130 175 469 603 457 
96:0 502 274 213 112 187 117 34 280 347 445 585 93 68 174 563 50 38 104 409 138 223 203 263 7 148 260 374 264 492 218 248 447 385 29 237 95 8 113 67 490 277 478 96 25 5 118 102 417 363 171 139 1 471 602 182 60 94 633 427 244 473 149 99 240 278 115 156 216 272 496 219 290 69 247 324 285 130 214 289 173 66 164 241 207 485 36 269 477 100 168 9 86 259 92 161 271 433 358 273 192 428 
97:0 502 213 112 226 117 34 280 347 445 585 93 68 174 563 50 38 104 409 138 223 203 263 7 148 374 411 264 492 218 248 416 447 29 237 63 95 8 113 67 490 277 478 96 25 5 118 102 417 363 171 139 1 602 182 60 94 244 473 149 99 240 278 115 156 216 272 496 219 290 69 247 324 285 130 214 289 173 66 164 241 207 415 485 36 269 477 100 168 9 86 259 92 161 271 433 358 192 428 187 260 273 274 385 427 471 633 
98:0 97 502 133 246 213 117 59 34 280 362 145 61 445 498 585 152 174 15 91 291 38 104 203 263 206 175 374 218 210 12 258 359 106 114 29 237 468 58 196 334 282 43 668 232 102 341 189 300 363 400 182 99 240 534 156 216 157 249 317 496 503 290 21 163 214 173 23 70 164 276 57 207 14 36 168 321 92 55 352 250 404 11 
99:0 97 502 133 246 213 117 59 34 280 362 664 145 61 445 585 152 174 15 91 291 38 104 203 263 206 175 374 218 210 416 12 258 359 106 29 237 624 468 56 63 58 196 334 282 43 668 232 102 341 189 300 363 182 511 99 240 534 156 216 157 249 317 496 503 290 21 214 173 23 666 70 164 276 57 207 14 36 168 92 55 352 250 469 404 11 114 321 498 163 400 
100:0 117 268 451 585 174 435 104 587 486 203 153 263 148 492 218 360 29 237 113 277 393 102 243 363 182 99 240 115 287 156 216 205 496 103 290 120 351 324 214 173 49 209 164 389 207 129 33 36 269 100 168 87 85 84 86 259 92 521 528 192 
101:0 117 268 451 585 174 435 104 587 486 203 153 263 148 492 218 416 360 29 237 63 113 277 597 393 102 243 363 182 99 240 115 156 216 205 496 103 290 120 351 324 130 214 173 49 209 164 389 207 129 33 36 269 477 100 168 87 85 84 86 259 92 521 528 192 287 
102:0 71 246 213 140 516 117 335 331 445 585 93 174 38 104 138 121 203 412 153 326 263 148 218 202 447 829 593 356 29 237 95 571 275 437 73 113 381 72 102 236 363 267 171 77 384 182 60 94 244 149 99 115 156 216 205 496 290 402 120 285 79 214 188 173 76 70 78 164 241 207 230 14 235 36 477 100 168 92 433 253 273 388 
103:0 71 246 213 140 117 335 523 331 347 445 585 93 174 38 104 138 121 203 412 823 153 326 263 148 218 248 202 416 447 829 593 356 29 237 63 95 571 437 73 113 67 345 72 102 363 267 171 384 438 182 94 427 244 473 149 99 115 287 156 216 205 496 290 402 120 285 214 188 173 76 23 666 70 78 164 241 207 14 235 36 477 100 831 168 92 433 253 452 388 428 77 79 230 236 273 275 381 516 
103:1 71 213 140 335 784 280 664 523 331 609 585 93 104 434 640 406 525 138 89 121 203 412 153 326 263 53 218 202 416 447 829 593 356 29 237 63 95 571 442 231 282 437 73 113 67 345 72 267 200 384 438 182 94 244 473 115 156 216 496 402 120 285 214 188 173 76 666 78 164 241 276 207 14 235 477 100 831 168 92 433 253 452 388 428 36 38 70 77 79 99 102 117 148 149 171 174 205 230 236 246 273 275 290 363 381 445 516 
104:0 332 246 213 187 117 59 34 125 155 198 280 664 61 523 445 498 585 68 174 197 91 38 24 104 223 414 89 497 283 203 263 206 126 7 90 53 374 116 264 218 210 45 29 237 58 196 510 334 442 231 282 43 67 25 5 102 189 363 195 602 182 99 156 514 216 431 157 249 317 496 201 841 103 290 69 130 214 479 173 446 666 70 66 164 241 207 129 14 39 36 168 37 9 92 253 55 
105:0 332 213 117 59 34 125 155 198 280 664 61 523 445 585 68 174 197 91 38 104 223 414 89 497 283 203 263 206 126 7 90 53 374 411 116 264 218 210 416 45 29 237 63 58 196 510 334 442 231 282 636 43 67 25 5 102 189 363 200 602 182 99 156 514 216 431 157 249 317 496 201 841 103 290 69 47 130 214 479 173 446 666 444 70 66 164 241 207 129 14 39 36 168 37 634 9 92 253 55 24 187 195 246 498 
105:1 332 502 213 59 34 125 155 198 280 664 523 833 585 399 91 38 104 138 414 89 497 283 203 263 206 126 7 83 488 53 172 394 374 411 116 264 218 416 45 29 257 506 237 63 58 196 286 334 442 231 282 636 43 67 25 5 189 200 220 835 182 99 240 156 514 216 157 317 496 201 841 103 69 247 667 214 479 173 180 446 666 444 164 241 207 129 14 39 168 37 634 87 85 9 92 253 24 36 55 61 66 68 70 90 102 117 130 174 187 195 197 210 223 246 249 261 290 363 431 445 498 510 602 
236:0 213 34 280 339 523 418 445 585 68 343 174 197 38 104 89 203 263 252 364 116 193 218 29 270 237 636 67 490 183 25 5 102 170 189 363 182 228 240 229 156 514 216 157 249 272 496 290 69 214 173 70 164 241 207 129 33 168 92 253 410 526 136 
106:0 213 396 117 299 34 340 280 339 523 445 370 837 585 68 343 174 197 38 24 104 223 89 203 263 252 364 374 411 116 264 193 218 29 270 237 26 282 636 67 490 96 25 5 118 102 170 189 363 398 602 182 99 240 287 156 514 216 279 179 431 157 249 317 272 27 496 290 69 130 214 173 666 444 70 66 164 389 241 276 207 129 33 36 168 634 92 253 410 469 526 136 183 228 229 418 
107:0 97 213 396 117 34 280 339 523 418 445 370 837 4 585 68 343 174 197 146 38 104 409 223 89 203 263 252 364 7 374 411 116 264 218 29 270 237 8 636 43 67 490 183 25 5 118 102 170 189 363 602 182 228 501 99 240 156 514 216 279 431 157 249 317 272 496 290 69 130 327 214 173 444 70 66 164 241 207 129 33 36 168 634 9 92 253 410 526 136 193 229 
237:0 332 97 213 34 280 664 339 523 445 370 837 585 68 343 174 197 91 38 104 529 89 283 203 263 252 364 411 116 218 360 29 270 237 636 67 490 25 5 102 189 363 182 228 98 501 240 229 156 514 216 279 157 249 272 27 205 496 201 290 69 214 173 444 70 164 389 241 207 129 33 168 92 839 167 239 253 410 469 526 136 170 183 193 418 
108:0 51 133 401 213 584 187 117 20 59 776 34 280 664 61 523 445 498 585 68 174 15 111 91 50 38 104 525 138 223 89 203 263 126 7 90 53 374 264 218 416 359 29 215 270 237 56 63 58 8 196 510 231 282 122 222 382 25 5 102 330 189 363 171 602 438 182 244 99 240 287 156 514 216 431 157 249 317 205 496 201 103 290 69 247 351 130 21 214 265 173 76 824 23 666 70 66 164 241 48 57 207 14 36 831 168 37 87 85 9 92 55 352 250 273 526 35 378 428 
463:0 133 401 213 187 20 59 335 776 34 280 664 523 445 498 585 15 111 91 50 104 525 138 89 203 153 263 126 7 53 374 411 264 218 416 360 29 270 237 56 63 58 8 196 510 231 282 122 382 25 5 330 189 363 602 438 182 244 240 287 156 514 216 431 157 249 317 205 496 201 103 290 120 247 351 21 214 173 76 824 23 666 70 164 241 48 57 207 14 831 168 87 85 9 92 352 250 526 35 378 428 36 37 38 55 61 66 68 69 90 99 102 117 130 171 174 215 222 223 265 273 359 584 
109:0 372 213 584 117 445 499 585 836 174 399 194 104 203 153 263 126 53 148 218 288 360 114 29 237 510 571 262 102 363 220 371 139 182 60 149 99 240 156 216 205 496 103 290 120 247 351 214 124 188 482 123 108 173 180 255 254 164 241 207 256 33 269 168 87 85 259 92 390 253 607 474 192 261 
110:0 372 213 584 117 445 499 585 836 174 399 194 458 104 203 153 263 126 53 148 218 416 360 114 29 257 237 63 510 571 262 102 363 220 371 139 182 60 99 240 156 216 205 496 103 290 120 247 351 214 124 188 482 123 108 173 180 164 241 207 33 269 168 87 85 259 92 390 253 607 474 192 149 189 254 255 256 261 288 
110:1 312 583 372 213 584 664 499 836 399 563 432 194 458 203 153 263 565 126 53 416 360 114 257 63 262 828 599 315 371 579 139 182 240 156 496 103 120 247 214 124 188 482 123 108 173 790 164 241 33 269 168 87 85 92 390 253 607 474 472 60 174 180 220 254 255 256 288 261 
111:0 246 401 213 117 59 34 523 445 498 585 68 242 306 174 91 38 104 406 407 529 414 89 283 203 263 126 424 90 53 218 31 470 29 237 624 30 32 58 423 196 510 231 43 222 224 368 102 341 189 363 371 398 182 228 99 240 156 216 179 46 350 431 397 157 249 88 317 205 603 496 28 201 184 841 290 351 130 214 479 661 173 180 446 23 666 444 70 164 241 276 207 14 33 39 36 168 37 87 85 422 92 253 192 
112:0 246 401 213 419 117 59 335 776 34 784 280 664 61 523 445 498 585 68 242 174 15 91 38 104 406 525 529 223 414 89 283 203 263 126 424 7 90 53 374 411 264 218 31 210 416 359 29 535 484 270 237 624 30 32 56 63 58 423 8 196 510 334 231 43 224 25 5 826 102 341 189 363 200 371 6 398 602 182 99 240 156 216 179 46 350 431 397 157 249 88 317 205 496 28 201 184 841 290 69 421 351 130 214 479 661 173 180 446 23 666 444 70 66 164 241 276 57 207 14 33 39 36 168 87 85 422 9 92 253 55 250 192 37 222 228 306 368 407 470 603 
464:0 246 401 213 419 59 335 776 34 784 280 664 523 445 498 585 242 15 91 104 406 525 529 414 89 283 203 263 126 424 7 53 430 374 411 264 218 31 210 416 359 29 535 484 270 237 624 30 32 56 63 58 423 8 196 510 334 442 231 224 25 5 826 341 189 363 200 371 6 398 602 182 240 156 216 179 46 350 431 397 157 249 317 439 205 496 201 184 841 290 421 351 214 479 661 173 180 446 23 666 444 70 164 241 276 57 207 14 33 39 36 168 87 85 422 9 92 253 250 37 38 43 55 61 66 68 69 90 99 102 117 130 174 192 222 223 228 306 368 407 470 603 
440:0 312 213 445 204 585 383 68 343 111 586 104 409 138 497 283 203 263 126 53 148 374 218 447 356 258 29 215 270 237 304 196 510 387 113 118 107 426 189 363 1 217 182 94 244 240 278 287 156 216 205 496 219 290 69 247 351 214 173 76 500 164 241 207 186 86 92 253 352 526 428 
113:0 502 312 213 516 117 59 34 280 61 523 347 445 609 451 204 585 383 68 343 174 563 111 586 38 3 104 409 138 223 89 497 121 283 203 263 126 7 53 148 374 264 218 416 447 356 45 258 29 215 361 505 270 237 63 304 58 8 196 510 231 636 387 791 113 25 5 118 102 107 426 189 363 1 602 217 182 94 244 149 99 240 278 115 287 156 514 216 431 157 249 317 205 496 219 201 290 69 247 351 47 285 130 214 289 173 135 76 446 666 500 70 66 164 241 207 186 230 39 36 477 100 87 85 9 86 92 161 253 55 352 528 273 526 192 428 
242:0 502 213 419 516 59 335 34 280 523 347 445 451 204 585 383 68 343 174 563 111 586 38 3 104 409 138 223 89 497 121 283 203 263 126 7 53 148 374 411 264 218 416 447 356 45 258 29 215 361 505 270 237 63 304 58 8 196 510 231 636 387 791 113 25 5 118 102 107 189 363 1 602 182 94 244 240 278 287 156 514 216 431 157 249 317 205 496 219 201 290 69 247 351 47 285 214 289 173 135 76 446 666 500 70 164 241 207 186 39 36 477 87 85 9 86 92 161 253 352 528 526 192 428 55 61 66 99 100 115 117 130 149 217 230 273 312 426 
114:0 71 133 246 213 117 20 34 331 445 585 93 132 174 15 38 104 283 203 412 263 175 148 218 202 416 447 829 593 74 29 237 63 571 275 282 437 73 72 102 234 363 267 220 77 384 438 182 244 99 476 115 156 216 249 496 290 402 351 130 21 79 214 188 173 76 78 164 241 207 230 14 235 36 168 321 92 22 358 388 378 
465:0 71 332 133 246 213 20 335 34 280 664 523 331 445 585 132 15 104 89 283 203 412 263 148 374 411 218 202 416 447 829 593 74 29 237 63 571 275 282 437 72 234 189 363 267 220 371 398 77 384 438 182 244 115 156 216 157 249 317 496 290 402 351 21 79 214 188 173 76 630 666 70 78 164 241 207 14 235 168 321 92 22 388 378 36 38 73 93 99 102 117 130 174 175 230 358 476 
115:0 332 401 372 213 419 251 117 44 59 34 280 61 523 445 498 509 4 585 68 343 242 306 174 15 91 50 146 38 458 104 409 223 89 283 203 263 252 126 7 90 53 374 411 116 264 193 218 210 416 45 258 359 29 270 237 56 63 58 8 196 510 231 387 43 67 25 5 102 189 363 200 1 602 182 99 240 156 514 216 179 46 431 157 249 317 496 219 201 290 69 247 421 351 47 130 214 173 76 180 23 70 66 164 389 241 57 207 39 36 831 168 87 85 9 92 376 253 55 352 250 273 526 281 192 
116:0 97 213 62 117 59 340 362 145 61 445 499 585 174 50 291 38 104 225 349 406 82 203 263 175 430 838 116 218 258 29 237 56 58 196 636 43 668 102 330 363 190 200 182 99 240 13 156 216 496 503 825 290 324 130 214 108 173 150 164 57 207 129 36 92 239 127 55 352 250 
117:0 97 213 117 59 340 362 145 61 445 499 585 174 50 291 38 104 225 349 406 203 263 430 838 116 218 416 258 29 237 56 63 58 196 636 43 668 102 330 363 200 182 99 240 156 216 496 503 825 290 324 130 214 108 173 164 57 207 129 36 92 239 127 55 352 250 13 62 82 150 175 190 
230:0 97 213 59 34 340 784 362 145 61 445 585 174 291 38 104 434 225 349 406 203 263 430 838 116 218 416 258 29 237 542 56 63 58 196 442 636 43 668 102 330 363 200 182 511 240 156 216 496 503 825 290 324 214 108 173 164 57 207 129 92 239 127 55 352 250 281 13 36 50 62 82 99 117 130 150 175 190 499 
118:0 367 97 392 401 213 117 59 34 340 61 445 585 174 291 38 104 529 203 263 175 838 218 31 210 258 114 29 237 30 32 56 58 196 282 224 102 330 341 189 300 363 64 398 182 60 98 99 240 156 216 496 503 825 290 324 130 214 661 173 487 164 48 57 207 129 14 39 36 634 92 127 55 352 346 250 
119:0 97 392 401 213 117 59 34 340 61 445 585 174 291 38 104 529 203 263 175 838 218 31 210 416 258 29 237 30 32 56 63 58 196 282 224 102 330 341 189 363 64 398 182 60 98 99 240 156 216 496 503 825 290 324 130 214 661 173 487 164 48 57 207 129 14 39 36 634 92 127 55 352 346 250 114 300 367 
120:0 213 117 59 362 61 293 585 109 322 174 563 291 38 104 203 263 148 430 838 218 356 360 258 106 29 237 56 58 196 113 277 102 107 363 220 408 182 60 94 244 149 99 240 229 105 278 115 513 156 216 205 496 503 290 324 130 214 173 164 57 207 129 33 36 100 87 85 86 92 161 239 127 55 352 250 192 
121:0 97 502 213 419 117 59 362 61 585 109 322 174 563 291 38 104 138 203 823 263 148 430 838 218 416 447 356 360 258 106 29 237 56 63 58 196 113 277 826 102 107 363 171 220 408 182 60 94 427 244 473 149 99 240 229 105 278 115 287 156 216 205 496 503 290 324 285 130 214 173 651 164 57 207 129 33 36 477 100 87 85 86 92 161 271 433 239 127 55 352 250 472 192 293 513 
439:0 502 213 112 226 280 347 445 451 204 585 109 93 383 343 563 3 104 409 138 227 203 263 252 148 374 264 218 248 447 29 361 270 237 95 196 571 113 277 478 96 102 599 189 417 363 1 471 182 60 94 633 244 473 240 278 115 156 216 272 496 219 290 247 351 324 285 214 289 173 76 500 164 389 241 207 269 298 477 168 87 85 86 321 259 92 271 433 253 358 472 
122:0 332 502 213 112 226 117 34 280 347 445 451 204 585 109 93 383 68 343 174 563 38 3 104 409 138 223 227 203 412 823 263 252 7 148 374 411 264 266 492 218 248 416 447 385 29 270 237 63 95 8 196 571 334 113 345 277 478 96 25 5 118 102 599 189 573 417 363 171 371 1 471 384 602 182 60 94 633 244 473 149 501 99 240 278 115 156 216 272 496 219 290 69 247 351 324 285 130 214 289 173 76 500 66 164 389 241 207 36 269 298 477 100 168 87 85 9 86 321 259 92 271 433 253 358 469 472 192 428 361 
122:1 502 213 419 226 59 34 280 347 204 109 93 383 563 24 409 227 203 412 823 263 252 374 411 492 568 248 416 447 385 258 270 63 95 58 8 420 333 196 334 113 478 25 5 118 102 243 599 417 371 1 471 384 182 60 94 633 473 240 229 278 115 156 272 496 219 103 247 285 214 173 76 666 500 164 389 241 269 298 168 87 85 86 321 271 433 839 253 472 428 
866:0 495 502 213 419 226 59 335 34 280 347 204 93 383 563 24 409 227 203 412 823 263 313 374 411 492 568 248 416 447 385 258 270 63 95 58 8 420 333 196 334 113 478 25 5 118 102 243 599 417 371 1 384 182 60 94 633 473 240 229 278 115 156 272 496 219 103 247 285 303 214 173 76 666 500 164 389 241 269 298 168 87 85 86 271 433 839 253 472 428 252 109 471 321 
123:0 512 332 97 403 372 213 226 117 280 664 450 405 445 585 68 440 174 15 432 197 38 458 104 840 203 263 206 364 116 218 210 416 29 237 63 282 636 43 113 102 234 363 400 466 182 427 228 98 501 99 240 13 156 216 179 249 355 496 219 290 318 130 163 214 173 211 522 164 241 207 129 14 366 36 168 92 369 410 17 404 
212:0 512 332 97 403 372 213 226 280 664 450 405 418 445 585 68 440 174 15 432 197 38 458 104 840 203 263 206 364 430 374 116 218 210 416 29 237 63 334 442 282 636 43 113 232 102 363 400 466 182 427 228 98 240 13 156 216 179 249 355 496 219 201 328 290 318 163 214 173 796 211 70 522 164 241 276 207 129 14 366 168 92 369 474 17 404 36 99 117 130 234 410 501 
238:0 213 635 419 59 34 347 445 204 585 93 383 68 343 174 38 104 564 138 223 497 227 203 263 252 313 148 374 524 218 447 258 215 531 270 237 58 8 196 122 113 381 277 478 212 96 25 5 118 102 357 189 417 363 171 371 195 1 181 182 94 244 473 240 278 115 156 216 272 496 290 69 247 324 47 285 214 173 500 164 207 186 230 168 92 271 433 253 358 352 273 472 428 
124:0 502 213 635 419 117 59 34 280 61 347 445 204 585 93 383 68 343 174 38 3 104 564 409 138 223 497 227 203 412 823 263 313 148 374 411 264 524 218 248 416 447 258 29 215 531 270 237 63 304 58 8 333 196 122 113 142 277 478 212 25 5 118 102 189 417 363 171 371 195 1 181 602 182 94 633 427 244 473 149 99 240 278 115 156 216 272 496 103 290 69 247 324 47 285 130 214 173 500 66 164 207 186 230 36 269 477 100 168 37 259 92 271 433 839 253 358 55 352 472 378 428 96 252 273 357 381 
239:0 213 112 34 280 445 268 451 585 68 343 238 174 197 435 38 104 530 223 486 527 203 263 364 7 148 374 264 218 359 29 270 237 8 2 43 113 67 393 96 25 5 102 189 363 602 182 94 98 240 156 216 249 27 496 103 290 69 351 324 214 173 164 207 129 168 87 85 9 84 86 92 253 521 528 192 
125:0 213 117 34 280 445 268 451 585 68 343 238 174 197 435 38 104 530 223 486 527 203 263 7 148 374 411 264 266 218 416 29 270 237 63 8 231 43 113 67 490 393 25 5 118 102 189 363 602 182 94 149 98 99 240 115 156 216 830 431 249 496 103 290 69 351 324 130 214 173 70 66 164 207 129 36 269 100 168 87 85 9 84 86 92 253 521 528 192 2 27 96 112 359 364 
466:0 213 34 280 523 445 268 451 585 343 238 643 91 435 104 530 89 588 486 527 203 263 7 53 148 374 411 264 218 416 29 270 237 63 8 594 231 43 113 67 490 393 25 5 189 363 602 182 94 98 240 156 216 830 431 157 249 317 496 103 290 351 324 214 173 666 70 164 207 129 269 168 87 85 9 84 86 259 92 253 521 311 528 2 27 36 38 66 68 69 96 99 100 102 112 115 117 118 130 149 174 192 197 223 266 359 364 
240:0 213 112 584 187 34 280 445 499 585 109 68 343 238 174 197 38 104 530 223 52 203 263 185 126 7 83 481 488 53 172 394 374 116 264 218 29 257 270 237 510 231 2 436 43 67 183 25 5 102 189 363 315 384 602 182 94 156 216 249 496 184 103 290 69 214 123 108 173 164 241 207 168 9 92 253 261 
126:0 213 117 34 280 833 445 499 585 109 68 343 238 174 197 38 104 530 223 52 203 263 185 126 7 83 481 488 53 172 394 374 411 116 264 266 218 416 29 257 270 237 63 510 231 436 43 67 490 25 5 118 102 189 363 315 384 602 182 94 149 99 156 216 431 249 496 184 841 103 290 69 130 214 123 108 173 70 66 164 241 207 36 269 100 168 9 92 253 2 112 183 187 261 584 
467:0 213 34 280 523 833 445 499 585 109 343 104 530 89 52 203 263 185 126 7 83 481 488 53 172 394 374 411 116 264 218 416 29 257 270 237 63 510 231 436 43 67 490 25 5 189 573 363 315 384 602 182 94 156 216 431 157 249 317 496 184 841 103 290 214 123 108 173 76 666 70 164 241 207 269 168 85 9 259 92 253 311 2 36 38 66 68 69 99 100 102 112 117 118 130 149 174 183 187 197 223 238 261 266 584 
127:0 213 117 20 34 280 664 450 339 523 445 370 585 174 15 91 38 458 104 89 203 263 206 364 185 175 374 411 116 264 218 31 210 416 12 106 29 270 237 624 63 334 282 382 102 363 200 182 98 99 240 156 216 279 179 431 157 249 317 496 290 69 163 214 479 173 446 444 480 70 81 522 66 164 241 276 207 14 36 168 37 634 92 233 404 11 
128:0 372 213 117 59 34 523 445 370 585 174 38 104 89 283 203 263 126 90 53 116 218 416 29 270 237 624 30 32 63 58 196 510 442 231 834 43 224 102 363 200 371 182 228 99 240 287 156 514 216 279 179 431 157 249 317 272 496 201 184 290 351 130 214 661 173 76 180 23 666 444 70 164 241 57 207 33 39 36 37 634 87 85 92 253 352 250 528 526 192 428 
129:0 340 609 175 608 56 150 33 
130:0 401 213 419 117 20 44 59 34 340 362 664 61 523 445 585 242 174 399 291 38 104 225 349 406 82 525 89 203 263 126 175 53 218 416 258 29 237 542 56 63 58 423 196 510 442 231 834 43 102 330 363 200 371 438 182 99 240 115 156 216 46 249 496 201 503 825 184 290 130 214 173 180 150 444 70 164 57 207 33 36 269 37 87 85 86 259 92 239 253 127 55 352 250 192 608 609 
131:0 246 401 213 62 419 117 59 335 776 34 362 61 523 445 204 585 109 174 291 38 104 225 349 406 82 138 529 497 203 263 90 193 568 524 218 248 416 45 258 29 215 270 237 32 56 63 304 58 420 196 442 231 791 668 224 102 54 363 171 200 195 182 94 149 99 240 115 287 156 216 46 249 496 219 290 329 351 324 47 130 214 661 173 76 644 70 164 57 207 36 87 85 321 92 127 55 352 311 250 192 428 
132:0 144 
133:0 213 560 226 117 44 34 445 609 204 585 383 343 174 197 91 38 24 104 497 203 263 313 175 116 218 45 29 215 270 237 304 231 636 387 102 189 363 6 182 98 99 240 115 287 156 514 216 496 28 290 247 47 130 214 173 500 164 241 207 129 485 33 39 36 321 92 376 311 273 526 281 608 610 
134:0 151 392 401 213 62 560 226 117 44 59 34 362 61 445 609 204 585 383 343 174 197 91 291 38 24 104 497 203 263 313 838 116 218 416 45 258 114 29 215 270 237 56 63 304 58 196 231 636 387 668 102 54 330 189 363 6 182 98 99 240 115 156 514 216 46 249 496 28 503 290 247 324 130 214 173 500 70 164 241 57 207 129 33 39 36 92 127 55 352 311 250 526 281 47 175 273 287 321 376 485 608 610 
135:0 97 213 560 226 117 44 34 445 609 451 204 585 383 343 174 197 91 435 38 24 104 497 486 203 263 313 148 116 218 416 45 29 215 270 237 63 304 231 636 387 113 393 102 189 363 6 42 182 98 99 240 115 156 514 216 830 46 249 496 28 290 247 351 324 130 214 173 500 70 164 241 207 129 33 39 36 87 85 422 84 86 92 521 311 528 526 281 192 47 175 273 287 321 376 485 608 610 
136:0 213 560 226 117 44 34 833 445 609 204 585 383 343 174 197 91 38 24 104 497 52 203 263 313 126 424 83 488 53 394 116 218 416 45 29 215 257 270 237 63 304 510 231 636 387 436 43 102 189 573 363 315 6 182 98 99 240 115 156 514 216 46 249 496 28 184 841 290 247 130 214 123 173 500 70 164 241 276 207 129 33 39 36 92 311 526 281 192 47 175 261 273 287 321 376 485 608 610 
196:0 502 213 560 226 44 34 347 445 609 204 585 93 383 343 174 15 563 197 91 38 104 138 497 203 823 263 313 148 116 218 248 416 447 45 29 215 270 237 63 304 231 636 387 113 277 478 102 234 189 363 171 6 384 182 60 94 665 244 473 98 240 115 156 514 216 496 28 290 247 324 285 214 173 500 164 241 207 129 33 39 36 477 92 271 433 311 526 192 428 47 99 117 130 175 273 281 287 321 376 485 608 610 24 
197:0 372 213 560 226 44 34 445 609 204 585 109 383 343 242 174 15 399 197 91 38 104 138 497 203 263 313 185 148 116 492 218 416 45 385 29 215 270 237 63 304 231 636 834 387 212 102 236 189 363 171 371 6 182 94 244 228 98 240 156 514 216 496 28 103 290 247 214 555 289 173 180 500 164 389 241 207 129 33 39 36 269 168 634 259 92 311 472 526 192 47 99 115 117 130 175 273 281 287 321 376 485 608 610 24 
470:0 332 213 560 226 44 34 331 445 609 204 585 383 343 91 38 104 497 203 412 263 313 148 116 218 210 202 416 447 320 829 45 29 215 270 237 63 304 231 282 636 387 348 437 73 345 189 363 267 6 182 98 240 75 156 514 216 46 249 496 28 290 402 247 214 173 76 630 500 70 164 241 207 129 14 235 33 39 36 92 311 526 388 404 47 99 102 115 117 130 174 175 197 273 281 287 321 376 485 608 610 24 
471:0 401 213 635 419 560 112 226 44 59 34 445 609 204 585 383 343 91 38 104 497 203 263 313 116 568 524 218 416 45 258 29 215 270 237 63 304 58 423 420 333 196 231 636 387 243 189 363 6 182 98 240 156 514 216 46 249 496 28 290 247 324 214 173 500 70 164 241 207 129 33 39 36 92 839 352 311 526 47 99 102 115 117 130 174 175 197 273 281 287 321 376 485 608 610 24 
137:0 332 97 502 112 117 59 451 585 160 176 174 111 435 38 104 138 587 527 203 263 148 492 218 416 356 385 29 237 63 58 196 231 387 199 277 393 102 363 171 220 384 182 60 94 244 473 149 99 240 105 278 115 156 216 496 290 247 159 351 324 130 214 173 76 660 164 241 207 129 33 36 477 100 168 87 85 84 86 92 161 271 433 472 192 428 
233:0 332 97 502 59 451 585 160 176 174 111 435 38 104 138 587 527 203 263 148 492 218 416 356 385 237 63 58 196 231 387 199 277 393 102 363 171 220 384 182 60 94 244 473 240 105 278 156 216 496 290 247 351 324 214 173 76 660 164 241 207 129 33 477 168 87 85 84 86 92 161 271 433 472 192 428 36 99 100 115 117 130 149 159 
474:0 332 97 502 59 451 585 160 176 399 111 435 104 138 587 527 373 203 263 148 492 218 416 356 385 237 63 58 196 231 387 199 277 393 417 363 220 384 182 60 94 244 473 240 105 278 156 216 496 290 247 351 324 214 173 76 660 164 241 207 129 33 477 168 87 85 84 86 92 161 271 433 253 472 192 428 36 38 99 100 102 115 117 130 149 159 171 174 
138:0 246 213 62 117 20 44 59 34 362 61 445 585 132 174 291 38 104 414 203 263 218 360 258 114 29 237 30 56 58 196 334 282 43 826 102 330 341 363 182 99 240 115 513 156 216 350 397 157 249 88 317 205 496 28 201 503 290 504 21 214 479 173 131 191 446 164 48 57 207 36 168 321 92 390 127 55 352 250 110 378 
139:0 246 213 117 20 44 59 34 362 61 445 585 132 242 174 291 38 104 414 203 263 218 416 360 258 29 237 30 32 56 63 58 196 334 282 43 668 826 102 330 341 363 42 182 99 240 115 156 216 350 431 397 157 249 88 317 205 496 28 201 503 290 69 504 130 214 479 173 131 191 446 444 66 164 48 57 207 36 168 321 92 390 127 55 352 250 110 21 62 114 189 378 513 
140:0 71 332 246 453 213 62 117 59 34 362 61 445 585 109 174 91 38 104 414 203 263 175 193 218 202 258 106 29 237 468 56 58 196 334 282 141 43 668 72 319 826 102 341 189 363 182 99 240 229 115 156 216 350 397 157 249 88 317 205 496 28 201 503 10 103 290 163 214 479 173 446 444 164 57 207 36 168 92 127 55 352 250 378 
141:0 71 332 246 453 401 213 117 59 34 280 362 61 445 585 109 440 174 15 91 291 38 104 414 203 263 364 838 218 210 202 416 258 106 29 237 468 56 63 58 196 334 282 141 43 668 67 72 25 319 826 102 341 189 363 267 400 182 427 99 240 534 13 115 156 216 350 431 397 157 249 88 317 205 496 28 201 503 10 103 290 69 130 163 214 479 173 446 444 66 164 276 57 207 14 36 168 92 127 55 352 250 378 404 62 175 193 229 
142:0 332 97 314 246 401 372 213 117 44 664 523 445 609 585 242 174 432 197 38 104 225 337 349 406 82 840 414 89 203 263 126 424 53 19 193 218 416 29 257 237 468 542 63 423 510 442 231 636 826 102 363 466 371 182 665 228 99 240 13 115 156 216 46 350 397 157 249 88 317 355 496 201 184 290 143 507 214 479 173 446 211 444 70 164 241 48 207 129 366 36 269 168 422 259 92 239 18 469 17 
446:0 495 133 213 584 187 44 59 34 280 523 445 204 498 585 68 343 174 111 38 104 89 227 203 263 126 7 90 175 53 374 264 218 441 608 29 237 610 56 304 58 8 196 510 387 122 25 5 118 189 363 316 6 602 182 94 228 240 278 156 514 216 431 157 249 317 205 496 201 103 290 402 120 247 351 214 289 173 76 254 666 70 164 241 276 57 207 256 33 87 85 9 92 253 352 250 18 526 428 200 
143:0 495 133 213 584 187 117 44 59 335 776 34 280 61 523 445 609 204 498 585 68 343 242 174 643 111 38 104 223 89 227 203 263 126 7 90 175 53 374 411 264 218 380 416 441 359 106 29 535 484 237 624 56 63 304 58 8 196 510 442 387 122 25 5 118 102 189 363 200 6 602 182 94 244 149 228 99 240 278 115 287 156 514 216 431 157 249 317 205 496 201 103 290 402 69 120 247 351 130 214 479 289 173 76 824 254 666 70 66 164 241 276 57 207 256 33 36 831 87 85 9 92 253 55 352 250 18 528 526 281 192 428 316 608 610 
144:0 332 97 314 403 246 635 419 117 59 413 61 585 174 432 197 38 104 840 203 326 263 19 568 524 218 416 16 258 114 29 215 237 542 63 58 420 333 196 636 43 102 170 243 54 189 363 466 64 365 181 182 99 240 13 115 156 216 46 249 355 496 201 290 329 324 143 507 214 173 211 164 241 207 129 366 36 92 839 239 369 55 352 311 18 
144:1 97 403 502 246 413 347 93 138 840 203 823 263 19 847 248 416 385 16 542 63 304 95 286 113 170 384 182 94 427 375 473 105 115 156 496 184 247 285 214 173 211 500 164 129 366 433 369 
145:0 332 97 314 246 226 117 413 268 451 585 174 432 197 435 38 104 65 840 587 203 326 263 148 19 218 416 258 29 257 237 542 63 636 43 113 597 319 102 189 363 466 64 365 182 99 240 13 115 156 216 830 46 249 355 496 201 290 351 324 143 507 214 173 211 164 241 207 129 366 36 87 85 84 86 92 239 369 521 311 18 528 192 
145:1 512 97 246 372 299 340 413 280 339 370 837 68 197 65 840 203 263 19 116 416 542 63 113 67 490 25 371 64 365 182 501 156 514 279 179 249 496 184 103 214 173 211 666 164 276 129 269 634 849 369 
146:0 332 97 314 403 246 117 413 833 659 585 174 432 197 38 104 840 52 203 326 263 126 83 488 53 394 19 218 416 16 29 257 237 542 63 510 636 43 102 234 189 573 363 466 315 64 365 182 99 240 13 115 156 216 46 249 355 496 219 201 841 290 143 507 214 173 76 211 164 241 207 129 366 36 92 239 369 311 18 17 261 
146:1 495 97 403 246 372 413 399 840 203 263 848 19 492 416 16 506 542 63 304 286 834 43 262 417 371 182 156 496 219 184 247 143 214 555 173 211 164 389 129 269 369 17 
147:0 97 453 401 213 117 20 59 34 784 664 61 445 585 174 197 38 104 434 225 349 406 82 407 525 203 245 263 126 83 53 218 416 258 114 29 237 56 63 58 196 510 231 43 113 102 54 363 200 182 99 240 115 156 216 496 219 825 290 351 130 21 214 173 164 241 48 57 207 129 36 87 85 86 92 239 127 55 352 250 35 192 
148:0 97 401 213 117 20 59 34 784 664 61 445 585 174 197 38 104 434 225 349 406 82 407 525 203 263 126 83 53 218 416 258 29 237 32 56 63 58 196 510 231 43 113 102 363 200 182 99 240 115 156 216 496 219 825 290 351 130 21 214 173 164 241 57 207 129 36 87 85 86 92 239 127 55 352 250 35 192 48 54 114 245 453 
149:0 332 97 314 403 453 401 213 112 117 20 59 776 34 784 280 664 61 523 445 585 174 15 432 197 291 38 104 434 225 337 349 406 82 407 525 840 223 89 203 245 263 126 7 83 53 374 19 411 264 218 210 416 258 29 215 257 237 468 32 542 56 63 58 8 196 510 442 231 43 113 25 5 102 54 189 363 466 200 602 182 99 240 13 115 156 216 46 157 249 317 355 496 219 201 825 290 351 130 507 21 214 173 211 444 70 164 241 276 57 207 129 366 36 87 85 9 86 92 239 127 55 352 250 17 35 192 48 114 
150:0 332 97 502 133 246 401 396 419 112 117 59 34 280 664 61 339 523 347 451 585 109 93 68 174 197 50 291 38 104 409 138 223 89 486 373 203 412 823 263 126 7 53 148 374 411 264 492 218 248 416 447 356 385 258 29 505 237 542 63 58 8 196 510 231 636 791 113 67 490 277 478 382 25 5 118 102 357 54 189 417 363 171 6 398 384 602 182 60 94 633 427 244 473 540 149 99 240 105 278 115 156 216 431 157 249 317 272 496 219 201 290 69 120 247 351 324 285 130 214 289 173 76 660 444 500 70 66 164 241 207 129 36 269 477 100 87 85 9 86 259 92 161 271 433 55 352 472 192 428 261 
151:0 512 332 495 97 314 403 502 133 246 401 372 213 396 635 419 112 226 251 117 20 299 59 335 776 34 340 413 784 280 362 664 61 450 405 339 523 331 833 347 445 451 204 370 837 585 93 836 322 68 343 440 242 174 15 643 399 563 111 432 197 91 291 38 104 225 337 349 406 82 525 564 409 138 529 530 840 223 414 89 497 587 121 588 486 527 373 227 283 203 412 823 153 263 252 313 206 185 126 424 7 83 90 488 53 394 148 430 374 838 19 411 116 264 492 524 218 210 248 380 202 416 447 829 593 356 385 441 360 258 29 215 535 257 484 270 506 237 624 468 32 542 56 63 304 95 58 423 8 333 196 286 510 571 334 442 231 282 636 834 387 348 437 141 791 113 668 67 490 345 277 478 393 382 72 224 25 5 826 118 102 828 599 330 341 189 573 417 363 267 171 101 466 200 315 220 371 6 578 42 579 365 398 654 835 1 408 384 602 438 182 94 665 633 427 244 473 149 511 99 240 534 13 278 115 513 156 514 216 279 179 830 46 350 431 397 157 249 317 272 205 355 496 219 201 328 503 825 184 841 103 290 402 69 120 247 421 351 324 318 285 832 130 143 507 214 188 482 479 661 555 289 173 135 76 630 660 191 180 446 824 211 666 444 500 70 81 522 66 164 389 241 162 276 57 207 230 129 14 235 541 366 36 269 477 100 831 168 634 87 85 422 9 86 259 92 390 144 161 271 433 839 239 253 369 410 607 474 521 127 55 352 311 250 18 528 472 526 388 404 192 428 261 
152:0 246 312 213 34 331 445 585 68 174 15 197 38 104 497 203 412 263 175 148 338 218 210 202 447 520 320 593 45 29 505 237 275 231 437 73 113 345 277 102 189 363 267 77 182 75 115 287 156 216 496 219 290 402 214 173 76 164 241 207 230 14 235 33 92 22 526 388 378 
153:0 246 312 213 34 331 445 585 68 174 15 197 38 104 497 203 412 263 148 218 210 202 447 520 45 29 237 231 636 113 345 277 102 189 363 267 77 182 75 115 156 216 249 496 219 290 402 214 173 76 70 164 241 207 230 14 235 33 92 526 388 22 73 175 275 287 320 338 378 437 505 593 
154:0 246 312 213 34 523 331 445 585 68 174 15 197 38 104 525 89 497 203 412 263 148 338 218 210 202 416 447 520 45 29 237 63 231 636 113 345 277 102 189 363 267 200 570 80 77 182 75 115 156 216 431 249 496 219 290 402 214 173 76 666 70 164 241 207 230 14 235 33 92 526 388 22 73 175 275 287 320 378 437 505 593 
155:0 332 213 307 34 659 445 585 343 306 174 15 111 197 91 38 24 104 52 203 284 326 263 126 519 481 488 53 172 394 193 218 154 29 257 237 336 510 517 231 436 43 102 189 363 267 315 182 98 156 216 179 205 496 290 214 108 173 66 164 241 207 129 33 37 92 528 526 261 
156:0 332 213 34 280 659 445 585 343 174 15 111 197 91 38 104 52 203 284 263 126 519 488 53 172 264 218 210 29 257 237 510 517 231 436 43 102 189 363 267 315 182 98 156 216 46 249 205 496 290 214 108 173 70 164 241 207 129 33 92 528 526 24 37 66 154 179 193 261 306 307 326 336 394 481 
157:0 332 213 307 34 280 523 659 445 585 68 343 174 15 111 197 91 38 104 223 89 52 203 284 263 126 519 7 488 53 172 374 411 264 218 210 416 360 29 257 237 63 510 517 231 636 436 43 67 25 5 102 189 363 267 315 602 182 98 156 216 46 431 157 249 317 205 496 290 69 421 214 108 173 76 666 70 164 241 207 129 33 634 9 92 528 526 24 37 66 154 179 193 261 306 326 336 394 481 
158:0 332 246 453 401 213 44 59 335 34 280 445 498 585 68 242 174 15 197 91 291 38 104 337 349 223 203 263 313 175 260 374 264 218 258 29 237 468 308 56 58 423 8 196 231 43 67 25 5 232 102 189 300 363 602 182 99 240 13 156 216 157 317 496 503 184 10 103 290 69 421 163 214 173 180 164 276 57 207 14 37 92 253 127 55 518 352 346 250 526 
159:0 332 246 401 213 44 59 335 34 280 445 498 585 68 242 174 15 197 91 291 38 104 337 223 203 263 175 374 264 218 210 258 29 237 468 56 58 423 8 196 231 43 67 25 5 102 189 363 602 182 99 240 156 216 46 157 249 317 496 503 184 10 103 290 69 421 163 214 173 180 70 164 276 57 207 14 37 92 253 127 55 518 352 250 526 13 232 260 300 308 313 346 349 453 
160:0 332 97 246 401 213 419 44 59 335 34 280 523 445 498 585 68 242 174 15 197 91 291 38 104 337 406 525 223 89 203 263 175 374 411 264 218 210 416 258 29 237 468 308 56 63 58 423 8 196 231 43 668 67 25 5 102 189 363 200 602 182 99 240 156 216 46 431 157 249 317 496 503 184 10 103 290 69 421 163 214 173 180 70 164 276 57 207 14 37 92 253 127 55 518 352 250 526 13 232 260 300 313 346 349 453 
161:0 133 401 274 213 560 226 34 280 664 445 451 204 585 343 174 15 111 197 91 38 104 223 497 203 263 7 53 374 116 264 266 193 218 210 154 447 29 270 237 468 304 58 8 231 282 387 382 102 189 363 602 182 228 98 240 156 514 216 179 205 496 10 290 247 421 351 21 163 214 173 76 164 389 241 162 57 207 129 33 168 85 9 92 271 253 369 352 250 526 
162:0 97 133 401 213 226 59 34 280 664 445 451 489 585 343 174 15 111 197 91 38 104 223 497 203 263 7 53 374 411 264 266 193 218 210 154 416 447 29 270 237 468 63 304 58 8 231 282 387 382 102 189 363 602 182 98 240 156 514 216 249 205 496 10 290 247 421 351 21 214 173 76 70 164 389 241 162 57 207 129 168 87 85 9 92 271 253 369 352 250 526 33 116 163 179 204 228 274 560 
163:0 332 97 314 403 133 213 347 445 585 93 174 432 197 38 104 138 840 497 203 326 263 297 185 148 19 193 218 45 257 237 542 304 95 286 277 212 102 119 572 189 417 363 171 101 466 64 365 182 94 375 244 240 278 115 156 216 355 496 103 290 247 318 143 214 173 211 500 164 241 48 207 129 485 33 366 36 168 92 239 253 18 17 526 428 
164:0 332 97 314 403 133 213 347 445 585 93 174 432 197 38 104 138 840 497 203 326 263 148 19 193 218 248 416 45 257 237 542 63 304 95 286 636 277 102 572 189 417 363 171 466 64 365 182 94 375 244 240 278 115 156 216 355 496 103 290 247 318 143 214 173 211 500 164 241 207 129 485 33 366 36 168 92 239 253 526 428 17 18 48 101 119 185 212 297 
165:0 512 332 97 314 403 213 226 117 280 450 405 445 4 585 68 174 91 146 38 104 409 223 227 203 263 148 374 264 218 202 29 237 8 571 282 113 183 5 102 363 466 602 182 60 115 287 156 216 205 355 496 219 103 290 318 214 173 76 81 522 164 241 48 207 230 129 14 33 366 168 9 92 253 369 
166:0 512 332 97 314 403 213 226 280 450 405 445 4 585 174 432 91 38 104 409 223 203 263 148 374 411 264 218 202 416 29 237 63 8 571 282 113 183 5 102 363 466 602 182 115 156 216 249 205 355 496 219 290 318 214 173 76 70 81 522 164 241 48 207 230 129 14 33 366 168 9 92 253 369 60 68 103 117 146 189 227 287 
167:0 71 97 213 226 34 340 450 445 585 132 440 174 91 50 38 104 527 203 263 148 492 218 154 202 237 468 571 141 656 224 102 363 101 400 42 398 40 182 60 94 228 476 287 156 216 496 184 103 290 425 324 214 188 173 76 49 169 605 81 522 164 389 241 207 168 92 390 652 41 474 404 
168:0 71 97 213 34 340 450 445 585 132 440 174 91 38 104 527 203 263 591 148 116 492 218 154 202 416 237 468 63 571 141 102 363 101 42 398 40 182 94 156 216 496 184 103 290 425 324 214 188 661 173 76 169 605 666 81 522 164 389 241 207 14 168 634 92 652 607 474 404 41 49 50 60 224 226 228 287 390 400 476 656 
170:0 97 133 392 213 59 340 362 145 61 445 268 451 585 109 174 563 435 291 38 104 486 203 263 175 148 218 258 215 237 56 58 196 594 102 54 363 182 60 240 156 216 830 496 503 103 290 351 324 214 173 487 209 164 389 48 57 207 36 87 85 86 92 521 127 55 352 250 528 192 
171:0 97 133 392 401 213 59 340 362 145 61 445 268 451 585 109 174 563 435 291 38 104 587 486 203 263 175 148 218 416 258 215 237 56 63 58 196 594 102 363 182 240 156 216 830 496 503 103 290 351 324 214 173 209 255 651 254 164 389 48 57 207 256 36 87 85 86 92 521 127 55 352 250 528 192 54 60 487 
175:0 332 495 246 213 226 516 34 445 204 585 68 343 174 563 111 197 38 104 564 138 497 227 283 203 326 263 126 53 148 374 266 193 218 248 447 45 29 215 270 237 304 510 387 791 113 381 277 25 5 118 102 119 234 189 573 417 363 64 579 1 217 182 94 375 244 473 240 115 156 216 249 205 496 219 290 69 247 351 324 214 173 135 76 500 164 241 207 186 129 477 86 92 161 271 253 352 273 526 281 192 428 
176:0 332 495 314 246 213 226 516 34 280 445 204 585 68 343 174 563 111 432 197 38 104 564 409 138 840 497 227 283 203 263 565 126 53 148 374 19 264 266 218 248 416 447 45 29 215 257 270 237 63 304 286 510 387 791 113 345 277 25 5 118 102 189 573 417 363 466 579 1 182 94 244 473 240 115 156 514 216 249 205 355 496 219 290 69 247 351 324 318 143 214 661 173 135 76 211 500 164 241 207 186 129 366 477 86 92 161 271 239 253 352 273 526 281 192 428 64 119 193 217 234 326 375 381 
468:0 332 495 314 403 502 133 246 213 396 226 34 280 445 204 585 343 563 432 38 104 564 409 138 840 497 227 283 203 245 263 565 126 53 148 374 19 264 266 218 248 416 447 45 29 215 257 270 237 63 304 286 510 636 387 791 113 345 277 25 5 118 189 573 417 363 466 579 365 1 217 182 94 244 473 240 115 156 514 216 249 205 355 496 219 290 247 351 324 318 143 214 661 173 76 211 500 164 241 207 186 129 366 477 86 92 161 271 239 253 352 273 526 281 428 64 68 69 102 111 119 135 174 192 193 197 234 326 375 381 516 
177:0 332 314 403 502 213 226 347 445 585 109 322 174 563 197 38 104 138 65 840 203 823 263 297 185 148 218 248 202 447 385 114 257 237 286 43 113 381 277 478 382 102 357 363 171 101 466 220 64 365 384 182 94 375 244 473 98 240 115 287 156 216 355 496 290 247 324 318 493 285 143 214 173 76 211 500 164 389 241 207 129 485 366 477 100 168 86 92 271 433 239 369 273 428 
178:0 332 314 403 502 213 226 347 445 585 109 322 174 563 432 197 38 104 138 840 203 823 263 148 19 492 218 248 202 416 447 385 257 237 63 286 636 43 113 381 277 478 382 102 357 363 171 101 466 220 64 365 384 182 94 375 244 473 240 115 156 216 355 496 290 247 324 318 285 143 214 173 76 211 500 164 389 241 207 129 366 477 100 168 86 92 271 433 239 369 273 428 65 98 114 185 287 297 485 493 
179:0 495 97 213 34 445 268 451 585 109 538 178 174 111 435 38 104 497 587 588 486 527 203 263 148 260 218 45 29 215 237 610 231 113 393 102 363 316 408 182 240 115 156 216 496 219 28 103 290 351 324 214 173 164 207 129 33 36 87 85 84 86 92 528 192 
180:0 495 213 34 280 445 268 451 585 109 538 178 68 174 111 435 38 104 223 497 486 527 203 263 7 148 374 264 218 45 29 215 237 231 113 393 25 5 102 363 408 602 182 240 156 216 249 496 219 290 69 351 324 214 173 70 164 207 129 33 36 87 85 9 84 86 92 521 528 192 28 97 103 115 260 316 587 588 610 
181:0 495 213 34 280 664 523 445 268 451 585 109 538 178 68 174 111 435 38 104 406 223 497 486 527 203 263 7 148 374 411 264 218 416 45 29 215 237 63 594 231 636 113 597 393 25 5 102 363 200 408 602 182 240 156 216 431 249 496 219 290 69 351 324 214 173 70 164 207 129 33 36 87 85 9 84 86 92 521 528 192 28 97 103 115 260 316 587 588 610 
298:0 453 213 187 59 34 340 664 145 61 293 445 204 585 383 343 111 38 104 564 227 203 263 313 218 258 29 270 237 304 58 196 231 282 113 102 330 341 189 363 195 217 182 240 287 156 216 205 496 503 290 47 21 214 173 487 150 164 48 57 207 129 39 321 92 253 127 55 352 346 250 526 
183:0 133 453 392 401 213 187 59 34 340 280 664 145 61 293 445 204 585 383 343 174 111 91 291 38 104 564 223 227 203 263 313 374 264 193 218 248 447 258 29 270 237 56 304 58 8 196 231 282 113 25 5 102 828 599 330 341 189 363 195 579 602 217 182 240 287 156 216 249 205 496 503 290 69 47 21 214 173 487 824 70 164 276 48 57 207 129 33 39 321 92 253 127 55 352 346 250 526 150 
184:0 133 392 401 213 59 34 340 280 664 145 61 523 445 204 585 343 174 111 91 291 38 104 564 223 227 203 263 313 374 411 264 218 248 416 447 258 29 270 237 56 63 304 58 8 196 231 282 113 668 25 5 102 828 599 330 341 189 363 579 602 182 240 156 216 249 205 496 503 290 69 21 214 173 824 70 164 276 57 207 129 33 39 92 253 127 55 352 346 250 526 47 48 150 187 193 195 217 287 293 321 383 453 487 
438:0 495 213 335 280 347 445 585 383 68 343 174 111 91 38 104 414 203 153 263 313 185 175 492 218 106 29 270 237 67 102 363 267 182 244 156 216 397 157 88 317 272 205 496 201 328 290 120 21 214 479 173 446 666 164 389 241 207 671 168 92 253 
185:0 495 213 335 776 34 280 523 347 445 585 383 68 343 174 111 91 38 104 223 414 89 203 153 263 313 185 7 175 374 264 492 218 359 106 29 457 270 237 8 334 67 25 5 826 102 189 363 267 602 182 244 156 216 350 397 157 249 88 317 272 205 496 201 328 290 69 120 21 214 479 173 446 666 444 70 164 389 241 207 269 671 168 9 259 92 253 452 
187:0 71 512 332 133 312 213 340 331 445 585 93 538 178 174 563 111 38 104 227 203 412 263 565 148 218 202 447 593 45 29 270 237 571 73 72 262 102 363 6 77 182 244 476 115 156 216 496 290 402 318 79 214 173 76 150 650 78 164 241 207 230 14 235 33 39 92 369 388 
188:0 71 512 332 213 340 331 445 585 178 174 563 111 38 104 203 412 263 565 148 218 202 447 29 270 237 571 73 72 262 102 363 77 182 244 476 115 156 216 496 290 402 318 79 214 173 76 150 78 164 241 207 230 14 235 33 39 92 369 388 6 45 93 133 227 312 538 593 650 
189:0 71 512 332 213 340 331 445 585 178 174 563 111 38 104 203 412 263 565 206 148 218 202 416 447 29 270 237 63 571 73 72 262 102 363 77 182 244 476 115 156 216 496 290 402 318 79 214 173 76 150 78 164 241 207 230 14 235 33 39 92 369 388 6 45 93 133 227 312 538 593 650 
190:0 512 332 97 310 213 226 251 34 340 280 445 585 68 343 174 15 111 197 91 38 458 3 104 138 223 203 263 252 7 374 264 492 218 210 154 447 441 29 237 468 8 231 282 387 67 490 25 5 118 102 189 417 363 171 371 602 182 228 501 240 156 514 216 279 249 272 496 28 10 103 290 402 69 247 421 351 21 214 289 173 76 180 70 164 241 207 129 415 541 39 269 168 87 85 9 86 321 92 253 369 352 526 192 
424:0 512 332 97 310 213 226 340 280 445 585 343 15 91 458 104 138 530 203 263 7 374 264 492 218 210 154 416 447 441 29 237 468 63 8 231 282 636 387 67 490 189 417 363 371 602 182 240 156 514 216 249 272 496 28 10 103 290 402 247 421 351 214 289 173 76 180 70 164 241 207 129 39 269 168 87 85 9 86 321 92 253 369 352 526 3 5 21 25 34 38 68 69 102 111 118 171 174 192 197 223 228 251 252 279 415 501 541 
191:0 71 495 213 117 331 445 585 174 15 38 104 414 227 283 203 412 263 148 218 202 447 320 593 74 270 237 275 73 113 72 102 234 363 267 182 75 156 216 496 219 290 402 214 188 173 76 164 241 207 230 14 235 92 253 388 
192:0 71 495 213 331 445 585 174 15 38 104 414 283 203 412 263 148 592 218 202 416 447 320 74 270 237 63 275 437 73 113 72 102 363 267 570 80 1 182 75 156 216 496 219 290 402 214 188 173 76 164 241 207 230 14 235 92 253 388 117 227 234 593 
193:0 332 314 403 246 213 450 405 445 585 174 432 197 38 104 138 203 263 364 185 148 193 218 202 29 237 95 141 102 363 466 182 94 228 98 156 216 179 355 496 103 290 247 324 318 214 173 76 49 211 81 164 241 48 207 129 33 366 168 92 253 369 18 17 
469:0 332 314 403 246 213 450 405 445 585 432 197 104 138 203 263 364 148 193 218 202 416 29 237 63 636 141 189 363 400 466 182 94 244 228 98 156 216 355 496 103 290 247 324 318 163 214 173 76 49 211 81 522 164 241 48 207 129 33 366 168 92 253 369 17 18 38 95 102 174 179 185 
194:0 491 495 133 246 401 213 59 34 523 445 585 68 174 111 91 291 38 24 104 223 414 89 587 227 203 263 148 218 385 258 114 29 237 56 58 8 196 571 231 102 54 426 330 341 189 300 363 602 182 240 105 156 216 249 205 496 219 201 503 290 21 214 188 482 173 255 254 666 164 57 207 256 39 92 127 55 352 250 281 
195:0 495 133 246 401 213 59 34 280 523 445 585 68 174 111 91 291 38 104 223 414 89 587 227 203 263 148 374 411 264 218 416 385 258 114 29 237 624 56 63 58 8 196 571 231 668 25 5 102 54 426 330 341 189 300 363 602 182 240 156 216 157 249 317 205 496 219 201 503 290 69 21 214 188 482 173 666 444 70 164 57 207 39 168 92 127 55 352 250 281 24 105 254 255 256 491 
198:0 332 314 372 310 213 413 347 445 585 109 174 399 432 197 38 104 138 65 373 203 263 297 185 260 19 492 218 114 257 237 196 212 102 119 189 363 171 101 466 371 64 195 365 182 94 375 244 228 511 98 240 156 514 216 355 496 103 290 247 143 214 555 289 173 180 211 164 389 241 207 129 366 269 168 86 259 92 239 253 18 17 386 
430:0 332 314 310 213 347 445 585 399 432 104 138 373 203 263 19 492 218 416 114 257 237 63 196 510 189 417 363 400 466 371 365 182 94 244 228 511 240 156 514 216 355 496 290 247 143 214 555 289 173 180 211 164 389 241 276 207 129 366 269 168 86 259 92 239 253 17 18 38 64 65 98 101 102 103 109 119 171 174 185 195 197 212 260 297 372 375 386 413 
200:0 332 502 310 213 347 445 451 585 109 174 399 563 111 194 38 104 138 497 373 203 263 148 492 218 45 288 29 215 506 237 304 196 286 517 277 478 212 382 262 102 417 363 171 466 220 371 195 408 182 60 94 244 149 240 156 216 496 103 290 247 425 351 285 214 289 173 180 164 389 241 207 129 269 477 168 87 85 86 259 92 271 433 253 472 192 261 
429:0 332 502 310 213 347 445 451 585 399 563 104 138 497 373 203 412 263 148 492 218 416 45 29 215 237 63 304 196 636 381 345 277 478 573 363 466 220 371 578 408 182 94 244 149 240 156 216 496 290 247 351 285 214 289 173 180 164 389 241 207 129 269 477 168 87 85 86 259 92 271 433 253 472 38 60 102 103 109 111 171 174 192 194 195 212 261 262 286 288 382 417 425 506 517 
201:0 237 
360:0 133 204 68 194 227 243 219 150 321 
202:0 133 204 68 194 227 243 219 150 321 
203:0 97 502 133 372 310 213 226 251 34 523 347 445 451 585 93 242 174 563 38 458 24 104 138 89 497 203 412 263 148 193 492 218 248 447 356 45 385 29 237 304 231 113 277 212 102 243 189 417 363 171 316 384 182 60 94 665 633 244 473 240 13 278 115 156 514 216 249 496 290 247 351 324 285 214 173 23 666 70 164 389 241 207 129 33 36 477 168 87 85 86 92 271 433 253 273 526 192 428 
204:0 213 117 34 450 523 445 585 68 174 111 91 38 104 529 89 203 153 263 175 218 202 356 360 29 237 334 113 102 363 220 371 42 379 182 229 115 287 156 216 279 157 249 317 205 496 201 328 290 120 214 173 76 191 446 70 81 522 164 241 207 230 129 33 36 92 390 474 
205:0 502 213 475 117 335 34 450 523 445 585 68 174 111 91 38 104 529 89 203 153 263 430 218 202 416 356 360 29 484 237 63 334 636 113 393 102 429 363 220 371 182 229 115 156 216 397 157 249 317 205 496 201 290 120 324 214 173 76 191 446 70 81 522 164 241 207 230 33 36 477 92 390 474 521 192 42 129 175 279 287 328 379 
206:0 97 403 133 246 401 310 213 226 117 20 44 59 34 523 347 445 451 489 585 68 174 111 91 38 104 407 138 529 840 89 283 203 263 126 175 53 218 137 360 29 270 506 237 58 510 231 387 277 102 189 363 171 220 398 182 244 228 99 240 156 514 216 157 249 317 205 355 496 825 103 290 247 351 832 214 173 76 180 446 666 500 70 164 241 207 36 831 168 87 85 86 92 376 352 528 281 192 428 
207:0 512 332 97 401 213 226 280 450 523 445 585 68 440 174 15 399 432 197 91 38 104 138 414 89 203 263 206 364 185 374 218 210 12 106 29 237 468 231 282 232 102 363 400 371 398 40 342 379 182 98 240 13 156 216 431 397 157 249 317 355 496 28 201 328 103 290 327 163 214 188 173 446 211 444 70 522 164 241 207 129 14 366 269 168 634 259 92 369 474 17 404 
208:0 512 332 401 213 280 664 450 523 445 585 15 399 432 91 104 414 89 203 263 206 185 424 374 218 210 416 12 106 29 237 468 63 423 231 282 189 363 400 371 398 182 98 240 156 216 397 157 249 317 355 496 28 201 103 290 143 327 214 188 173 446 211 444 70 522 164 241 207 129 14 366 269 168 634 422 259 92 369 474 404 20 21 33 34 36 38 46 88 90 99 102 111 117 120 130 153 174 175 205 225 239 242 244 246 267 300 328 335 350 360 393 406 430 431 442 469 475 479 484 525 603 666 457 184 784 334 349 529 624 665 776 796 
209:0 213 44 34 280 339 523 445 204 370 585 68 343 242 174 563 111 197 91 38 104 223 89 203 263 313 185 126 424 7 53 374 264 218 29 215 237 304 423 8 510 387 43 122 67 25 5 118 102 189 363 315 371 579 602 217 182 99 240 115 156 514 216 46 249 496 184 290 69 247 351 214 188 265 555 173 76 70 164 241 162 276 207 33 39 36 269 168 87 85 422 9 86 259 92 352 528 526 192 
210:0 213 44 34 280 339 523 445 204 585 68 343 242 174 563 111 197 91 38 104 223 89 203 263 126 424 7 53 374 411 264 218 416 29 215 237 63 304 423 8 510 231 387 122 67 25 5 118 102 189 363 200 315 371 579 602 182 99 240 115 156 514 216 46 431 157 249 317 496 184 290 69 247 351 214 188 555 173 76 666 444 70 164 241 162 276 207 33 39 36 269 168 87 85 422 9 86 259 92 352 528 526 192 43 185 217 265 313 370 
211:0 491 367 453 401 372 310 213 59 340 362 145 61 445 585 174 111 194 291 38 104 203 153 263 591 175 218 360 258 106 114 29 506 237 56 58 196 668 102 107 363 220 371 42 398 40 182 240 156 216 279 179 205 496 503 825 184 290 120 247 351 324 214 188 482 173 191 255 824 254 164 48 57 207 129 14 33 36 269 634 86 92 390 607 474 127 55 352 250 189 
212:0 51 367 495 246 213 117 20 34 450 523 445 585 132 343 174 111 91 38 104 414 89 227 203 263 515 148 218 380 470 360 29 270 237 571 334 282 826 102 341 189 363 471 379 182 156 216 179 350 397 157 249 88 317 205 496 219 201 328 290 504 832 214 188 482 479 173 446 824 605 444 70 81 522 164 241 207 230 92 474 110 35 13 14 15 17 36 43 63 68 97 98 99 113 116 129 130 163 168 197 206 210 211 226 228 232 234 240 276 280 318 332 355 364 366 369 374 400 403 404 405 410 416 418 430 432 442 458 466 501 512 636 664 
213:0 332 292 372 213 117 34 280 664 450 339 523 331 445 498 370 837 585 68 174 15 197 91 38 104 89 203 263 206 364 175 374 411 264 218 31 210 416 106 29 270 237 624 30 63 334 282 43 67 224 102 363 400 42 182 228 240 156 514 216 279 179 350 157 249 317 496 290 69 421 214 479 661 173 191 444 70 522 164 241 207 14 33 36 168 37 634 92 410 474 526 20 35 51 81 88 110 111 132 148 188 189 201 205 219 227 230 246 328 360 367 379 380 397 414 446 470 471 482 495 504 515 571 605 343 341 
214:0 332 97 274 213 419 251 44 59 280 347 445 585 68 306 174 15 399 111 197 91 38 458 104 138 223 373 203 263 252 313 206 364 185 374 264 193 492 218 210 154 258 29 237 468 58 8 420 556 196 231 282 636 834 43 67 490 25 5 232 102 189 363 171 371 398 602 182 427 244 386 228 98 240 115 156 514 216 249 496 10 103 290 247 421 163 214 555 289 173 180 70 164 241 57 207 129 14 269 168 634 259 92 839 250 404 30 31 33 34 36 42 63 69 89 106 117 157 175 179 224 270 279 292 317 331 334 339 350 370 400 410 411 416 444 450 474 479 498 522 523 526 664 191
215:0 332 97 372 213 419 251 59 280 347 445 585 15 399 91 104 138 373 203 263 252 313 206 185 374 411 264 492 218 210 154 416 258 29 237 468 63 58 8 420 333 196 231 282 636 834 43 67 490 25 5 232 189 417 363 400 371 398 602 182 427 244 386 98 240 115 156 514 216 279 249 496 10 103 290 247 421 163 214 555 289 173 180 70 164 241 57 207 129 14 269 168 634 259 92 839 250 404 38 44 68 102 111 171 174 193 197 223 228 274 306 364 458 556 
461:0 332 97 372 213 419 251 59 280 347 445 585 15 399 91 104 138 373 203 263 252 313 206 185 374 411 264 492 218 210 154 416 258 29 237 468 63 58 8 420 333 196 231 282 636 834 43 67 490 25 5 232 189 417 363 400 371 398 602 182 427 244 386 98 240 115 156 514 216 279 249 496 10 103 290 247 421 163 214 555 289 173 180 70 164 241 57 207 129 14 269 168 634 259 92 839 250 404 38 44 68 102 111 171 174 193 197 223 228 274 306 364 458 556 
216:0 332 213 560 187 34 280 339 523 445 204 498 370 585 68 343 238 242 174 15 111 91 38 104 223 89 203 263 313 185 7 374 116 264 218 210 154 441 29 237 468 304 8 387 43 122 25 5 232 118 102 189 363 400 371 580 579 602 182 240 287 156 514 216 46 157 249 317 205 496 10 290 402 69 421 163 214 173 70 164 241 276 207 230 129 14 36 269 168 37 9 259 92 526 281 192 
217:0 332 213 419 34 280 339 523 445 585 68 343 174 15 111 91 38 104 223 89 203 263 313 185 7 374 411 264 218 210 154 416 441 359 29 237 468 63 304 8 636 387 43 122 67 25 5 118 102 189 363 371 580 602 182 240 156 514 216 46 431 157 249 317 205 496 184 10 290 402 69 421 163 214 479 173 666 444 70 164 241 276 207 230 129 14 269 168 37 634 9 259 92 253 526 192 36 116 187 204 232 238 242 281 287 370 400 498 560 579 
218:0 151 495 133 246 213 34 445 499 585 174 111 38 104 414 52 203 263 126 481 488 53 218 385 106 257 237 510 517 571 334 436 113 262 102 189 363 267 315 220 182 105 115 156 216 157 249 88 317 205 496 290 120 214 123 108 173 255 254 164 241 207 256 92 281 261 
219:0 495 133 246 213 34 523 445 499 585 174 111 38 104 414 89 52 203 153 263 126 481 488 53 218 416 360 106 257 237 63 510 571 334 436 113 102 189 363 267 315 220 182 105 115 287 156 216 397 157 249 88 317 205 496 201 290 120 504 214 479 123 173 76 446 666 444 70 164 241 207 92 281 108 151 254 255 256 261 262 385 517 
220:0 133 246 213 419 44 59 34 523 445 204 585 174 111 197 91 38 104 414 89 283 203 263 90 175 568 218 258 29 237 58 420 556 333 196 113 102 54 426 341 189 300 363 316 181 182 240 115 156 216 46 157 249 317 496 201 328 184 290 214 173 446 70 164 276 207 33 36 92 
221:0 133 246 213 419 59 34 523 445 585 174 111 197 91 38 104 414 89 283 203 263 175 218 31 416 258 29 237 624 30 63 58 423 420 333 196 113 102 54 426 341 189 300 363 316 64 181 182 240 115 156 216 46 157 249 317 496 201 328 184 290 214 173 446 666 444 70 164 276 207 33 36 37 92 44 90 204 556 568 
473:0 133 246 213 419 59 335 776 34 523 445 585 91 458 104 414 89 283 203 263 175 218 31 210 416 258 29 484 237 624 63 58 423 420 556 333 196 442 282 113 54 426 341 189 300 363 316 64 181 182 240 115 156 216 46 350 431 157 249 317 496 201 328 184 290 214 173 446 666 444 70 164 276 207 33 36 37 92 30 38 44 90 102 111 174 197 204 568 
222:0 133 246 392 213 112 117 59 34 362 145 61 523 347 293 445 585 109 174 111 91 38 104 414 89 283 203 153 263 175 218 258 106 29 457 237 56 58 333 196 275 334 791 113 668 381 277 826 102 243 54 189 300 363 267 408 182 94 240 105 115 287 156 216 350 397 157 249 317 205 496 219 201 503 103 290 120 247 214 173 131 446 666 444 70 164 389 241 57 207 33 634 92 55 352 250 
222:1 133 246 310 213 59 34 362 523 347 109 174 194 91 50 414 89 203 263 202 288 258 106 114 457 506 56 58 333 196 334 113 668 826 243 267 101 408 182 94 240 115 156 350 157 317 496 219 201 503 103 120 247 214 173 180 446 666 444 650 164 241 57 33 634 352 250 261 
864:0 133 246 310 213 59 34 362 523 833 347 174 91 50 414 89 203 263 202 416 288 258 106 506 56 63 58 333 196 334 141 113 668 826 243 101 195 42 835 408 182 94 240 115 156 279 350 157 317 496 219 201 503 103 120 247 214 173 180 446 666 444 650 164 241 57 33 634 250 114 466 267 194 352 457 109 261 
223:0 491 372 213 62 59 340 362 61 331 445 451 585 174 111 291 38 104 203 494 263 126 175 53 116 218 441 114 270 237 56 63 58 196 510 199 102 341 189 363 190 182 60 94 240 156 216 350 496 503 103 290 402 324 214 479 173 487 81 164 241 48 57 207 129 168 86 92 127 55 352 323 250 
224:0 372 213 62 20 59 340 362 61 331 445 451 585 132 174 111 291 38 104 203 412 263 126 53 430 116 218 416 441 270 237 56 63 58 196 510 668 199 102 341 189 363 190 371 182 60 94 240 156 216 350 496 503 103 290 402 69 324 832 214 188 482 479 173 487 81 164 241 57 207 129 168 86 92 127 55 352 250 35 378 48 114 175 323 491 494 
225:0 332 97 372 213 62 635 419 226 516 59 34 340 413 280 664 445 585 68 174 432 194 197 38 104 65 529 840 203 263 252 374 19 264 568 524 218 248 441 258 608 29 270 237 301 58 8 420 333 196 25 5 262 102 189 363 365 602 217 182 98 240 229 278 156 216 205 496 290 402 69 324 143 214 173 191 150 211 164 207 129 168 92 839 352 311 
458:0 512 332 97 314 403 133 392 213 59 340 145 61 523 445 585 109 291 104 89 203 263 218 258 114 29 270 237 56 58 196 243 189 300 363 182 240 156 216 157 496 503 290 324 21 214 173 150 164 48 57 207 129 33 366 36 92 239 127 55 352 346 250 469 17 
226:0 512 332 97 314 403 133 392 401 372 213 59 776 34 340 362 145 61 523 331 445 585 109 174 432 291 38 104 840 89 203 263 218 416 441 258 114 29 270 237 542 56 63 58 196 442 668 102 243 189 300 363 182 60 240 156 216 350 157 317 355 496 503 290 402 324 21 214 173 150 81 164 48 57 207 129 33 366 36 92 239 127 55 352 346 250 469 17 
227:0 332 97 314 403 372 213 475 776 413 445 585 68 174 15 399 432 197 38 104 65 840 203 263 364 148 430 19 218 31 210 385 237 196 334 442 43 232 319 102 189 363 400 466 371 64 365 182 228 156 216 46 157 249 317 355 496 28 201 328 290 143 507 163 214 173 191 446 796 211 164 241 207 129 14 366 269 168 259 92 239 18 17 404 
228:0 213 251 44 34 445 204 585 68 242 174 399 194 197 38 104 138 373 52 203 263 364 185 126 424 83 488 53 492 218 29 257 237 336 304 510 517 231 43 102 189 417 363 171 316 315 371 182 386 228 99 156 514 216 179 46 249 272 496 290 247 214 188 123 555 289 173 76 180 164 389 241 162 207 129 269 168 422 259 92 253 261 
229:0 213 251 44 34 445 585 68 242 174 399 197 38 104 138 373 52 203 263 185 126 424 488 53 492 218 416 29 257 237 336 63 304 510 517 231 636 43 102 189 417 363 171 316 315 371 182 156 514 216 46 249 272 496 290 247 214 188 123 555 289 173 76 180 70 164 389 241 162 207 129 269 168 634 422 259 92 253 83 99 179 194 204 228 261 364 386 
231:0 246 213 34 523 445 204 585 68 174 111 38 104 414 89 497 283 203 263 90 175 116 218 45 441 29 457 484 237 624 304 420 231 282 387 102 189 363 316 579 182 156 216 46 157 249 317 205 496 201 290 402 21 214 173 446 70 164 241 276 207 33 36 92 55 
232:0 246 372 213 335 34 340 664 523 445 585 68 174 111 38 104 414 89 497 283 203 263 424 175 218 31 416 45 441 360 29 237 30 63 304 334 231 282 387 222 102 189 363 316 398 182 229 156 216 46 397 157 249 317 205 496 201 184 290 402 21 214 173 446 666 444 70 164 241 276 207 422 92 33 36 55 90 116 204 420 457 484 579 624 
234:0 310 213 44 34 340 523 347 445 451 585 109 174 197 50 38 24 104 138 89 203 412 326 263 148 218 416 356 29 237 95 286 231 26 387 43 113 478 382 224 102 189 300 363 171 182 94 244 473 99 240 115 156 514 216 46 272 496 28 290 247 351 324 285 214 173 76 180 23 164 389 241 207 129 33 36 168 37 634 87 85 86 92 433 253 528 526 428 
235:0 445 206 53 154 212 316 69 166 214 147 1 2 3 4 5 6 7 8 9 10 11 12 13 14 15 16 17 18 19 20 21 22 23 24 25 26 27 28 29 30 31 32 33 34 35 36 37 38 39 40 41 42 43 44 45 46 47 48 49 50 51 52 54 55 56 57 58 59 60 61 62 63 64 65 66 67 68 70 71 72 73 74 75 76 77 78 79 80 81 82 83 84 85 86 87 88 89 90 91 92 93 94 95 96 97 98 99 100 101 102 103 104 105 106 107 108 109 110 111 112 113 114 115 116 117 118 119 120 121 122 123 124 125 126 127 128 129 130 131 132 133 134 135 136 137 138 139 140 141 142 143 144 145 146 148 149 150 151 152 153 155 156 157 158 159 160 161 162 163 164 167 168 169 170 171 172 173 174 175 176 177 178 179 180 181 182 183 184 185 186 187 188 189 190 191 192 193 194 195 196 197 198 199 200 201 202 203 204 205 207 208 209 210 211 213 215 216 217 218 219 220 221 222 223 224 225 226 227 228 229 230 231 232 233 234 235 236 237 238 239 240 241 242 243 244 245 246 247 248 249 250 251 252 253 254 255 256 257 258 259 260 261 262 263 264 265 266 267 268 269 270 271 272 273 274 275 276 277 278 279 280 281 282 283 284 285 286 287 288 289 290 291 292 293 294 295 296 297 298 299 300 301 302 303 304 305 306 307 308 309 310 311 312 313 314 315 317 318 319 320 321 322 323 324 325 326 327 328 329 330 331 332 333 334 335 336 337 338 339 340 341 342 343 344 345 346 347 348 349 350 351 352 353 354 355 356 357 358 359 360 361 362 363 364 365 366 367 368 369 370 371 372 373 374 375 376 377 378 379 380 381 382 383 384 385 386 387 388 389 390 391 392 393 394 395 396 397 398 399 400 401 402 403 404 405 406 407 408 409 410 411 412 413 414 415 416 417 418 419 420 421 422 423 424 425 426 427 428 429 430 431 432 433 434 435 436 437 438 439 440 441 442 443 444 446 447 449 450 451 452 453 454 455 456 457 458 459 460 461 462 463 464 465 466 467 468 469 470 471 472 473 474 475 476 477 478 479 480 481 482 483 484 485 486 487 488 489 490 491 492 493 494 495 496 497 498 499 500 501 502 503 504 505 506 507 508 509 510 511 512 513 514 515 516 517 518 519 520 521 522 523 524 525 526 527 528 529 530 531 532 533 534 535 536 537 538 539 540 541 542 543 544 545 546 547 548 549 550 551 552 553 554 555 556 557 558 559 560 561 562 563 564 565 566 567 568 569 570 571 572 573 574 575 576 577 578 579 580 581 582 583 584 585 586 587 588 589 590 591 592 593 594 595 596 597 598 599 600 601 602 603 604 605 606 607 608 609 610 611 612 613 614 615 616 617 618 619 620 621 622 623 624 625 626 627 628 629 630 631 632 633 634 635 636 637 638 639 640 641 642 643 644 645 646 647 648 649 650 651 652 653 654 655 656 657 658 659 660 661 662 663 664 665 666 667 668 669 670 671 672 
241:0 495 213 584 117 59 335 776 34 280 523 445 204 585 68 174 111 146 38 104 223 89 497 203 263 7 374 411 264 218 416 45 360 359 29 215 531 484 270 237 624 63 58 8 196 442 231 25 5 118 208 102 189 363 579 602 217 182 244 386 240 156 514 216 179 157 249 317 205 496 201 290 69 247 351 214 173 76 446 824 23 666 70 164 241 57 207 230 33 87 85 9 86 92 358 352 250 526 192 428 
243:0 97 396 44 34 523 347 268 451 585 242 174 15 197 91 435 38 104 587 588 203 326 245 263 148 218 416 29 270 237 336 63 442 231 636 43 113 393 102 189 363 182 244 511 98 240 115 156 216 830 46 431 249 496 201 503 290 247 351 324 214 555 173 209 70 164 241 207 129 634 87 85 422 84 86 92 521 311 528 192 
244:0 97 44 34 523 347 585 242 306 174 15 197 91 38 104 52 203 284 326 245 263 126 424 83 488 53 172 394 148 218 416 29 257 270 237 336 63 510 442 231 636 436 43 102 189 363 315 182 244 511 240 115 156 216 179 46 431 249 496 221 201 184 841 290 247 214 108 555 173 76 23 666 444 70 164 241 207 129 92 311 261 
245:0 97 403 392 62 419 44 59 34 362 61 523 347 585 242 174 15 197 91 291 38 104 203 326 245 263 218 416 16 258 29 270 237 56 63 58 423 196 442 231 636 43 668 102 243 54 189 363 466 182 244 511 240 115 156 216 46 431 249 496 201 503 290 247 329 324 214 555 173 164 241 57 207 129 366 92 127 55 352 311 250 
246:0 246 372 213 44 34 280 523 445 498 585 242 174 399 197 91 38 104 349 414 89 203 263 116 218 29 237 63 334 442 231 43 102 330 189 363 200 371 602 182 228 240 156 514 216 397 157 249 88 317 496 201 328 184 103 290 214 479 555 173 180 446 23 666 444 164 241 276 207 33 269 37 259 92 253 
247:0 246 372 213 44 34 280 523 445 498 585 242 174 399 197 91 38 104 349 414 89 203 263 116 218 29 237 63 334 442 231 43 102 330 189 363 200 371 602 182 240 156 514 216 397 157 249 88 317 496 201 328 184 103 290 214 479 555 173 180 446 666 444 164 241 276 207 33 269 37 259 92 253 23 228 
248:0 332 246 401 372 213 419 44 59 335 776 34 784 280 664 523 445 498 585 68 242 174 15 399 197 91 38 104 225 337 349 406 525 223 414 89 203 263 126 424 7 53 374 411 116 264 492 218 210 416 29 484 237 624 468 56 63 58 423 8 510 334 442 231 834 43 67 25 5 102 330 189 363 171 200 371 602 182 240 156 514 216 279 46 350 431 397 157 249 88 317 496 201 328 184 103 290 69 421 351 214 479 555 173 180 446 666 444 70 164 241 276 57 207 33 269 37 87 85 422 9 86 259 92 253 352 250 23 228 
249:0 332 177 314 403 246 401 419 59 34 362 523 347 451 585 174 432 197 291 38 104 225 406 407 525 138 840 414 89 497 203 326 263 297 148 19 218 248 202 416 16 258 29 270 237 542 56 63 304 58 196 286 442 231 636 113 102 54 189 363 171 466 182 94 354 244 473 386 240 105 115 156 216 46 249 355 496 219 201 825 290 247 351 324 285 143 507 214 173 211 70 164 241 57 207 129 366 477 87 85 86 92 271 239 127 352 311 250 18 472 192 428 
250:0 332 314 403 246 413 523 659 347 609 451 585 174 432 197 38 104 225 138 840 414 89 497 203 326 263 126 83 488 53 394 148 19 218 248 202 416 16 257 270 237 63 304 286 510 442 636 791 113 102 189 573 363 171 466 315 365 182 94 244 386 240 105 115 156 216 46 249 355 496 221 219 201 841 290 247 351 324 143 507 214 173 76 211 70 164 241 207 129 366 87 85 86 92 239 311 18 192 428 261 
251:0 332 502 246 396 226 347 451 585 93 174 15 563 111 197 38 104 138 840 414 497 203 412 823 263 148 374 218 248 202 416 447 829 593 215 377 361 270 237 610 63 286 636 387 348 437 73 791 113 345 277 478 118 102 189 417 363 267 171 195 654 182 94 633 427 244 240 105 115 156 216 496 219 201 290 402 247 351 324 318 285 214 173 76 630 446 164 389 241 207 230 129 14 235 477 86 92 271 433 253 369 352 311 472 388 428 
252:0 71 512 332 97 372 213 34 280 331 445 585 68 242 306 15 197 91 38 24 104 225 409 223 283 203 412 263 148 374 264 218 210 202 447 520 320 829 593 29 237 231 625 437 73 43 67 345 72 25 5 102 189 300 363 267 400 1 602 182 228 98 501 13 156 216 157 249 317 496 219 103 290 402 69 21 163 214 173 76 70 164 241 207 129 14 235 9 92 526 388 338 
253:0 71 512 332 97 372 213 34 280 331 445 585 68 242 15 197 91 38 104 409 223 283 203 412 263 206 148 374 264 218 210 202 447 520 829 593 29 237 231 625 348 437 43 67 490 345 72 25 5 102 189 363 267 1 602 182 228 98 501 156 216 157 249 317 496 219 103 290 402 69 21 214 173 76 630 70 164 241 207 129 14 235 9 92 526 388 404 13 24 73 225 300 306 320 338 
254:0 71 512 332 97 372 213 34 784 280 664 523 331 445 585 68 440 242 15 197 91 38 104 337 349 406 409 530 223 89 283 203 412 263 206 148 374 411 264 338 218 210 202 416 447 520 829 593 29 237 468 63 231 636 625 348 437 43 67 490 345 72 25 5 102 189 363 267 400 200 1 602 182 228 98 501 156 216 46 431 157 249 317 496 219 825 103 290 402 69 21 214 173 76 630 70 164 241 207 129 14 235 634 9 92 526 388 404 13 24 73 225 300 306 320 
255:0 332 97 372 213 226 34 340 445 585 68 306 174 15 432 197 91 38 104 497 52 203 263 297 364 126 519 83 481 488 53 394 116 218 45 29 257 270 237 468 510 387 67 25 5 102 119 189 363 400 315 64 182 98 156 216 179 157 249 317 496 28 10 290 69 421 163 214 265 173 70 164 241 207 129 14 92 526 261 307 
256:0 332 97 372 213 226 299 34 340 280 339 445 837 585 68 15 432 197 91 38 24 104 530 223 497 52 203 263 297 126 519 7 83 488 53 394 374 411 116 264 218 210 45 29 257 270 237 468 510 387 67 490 25 5 102 119 189 363 315 64 398 602 182 98 156 216 279 179 157 249 317 496 28 10 290 69 421 327 163 214 173 70 164 241 207 129 14 9 92 410 526 174 261 265 306 307 364 400 481 
257:0 512 332 97 372 213 396 226 307 299 34 340 413 280 339 523 445 370 837 585 68 15 432 197 91 38 24 104 530 223 89 497 52 203 263 297 126 519 7 83 488 53 394 374 411 116 264 218 210 416 45 29 535 257 270 237 468 63 510 282 636 387 67 490 25 5 102 119 189 363 315 64 398 602 182 98 156 216 279 179 46 431 157 249 317 272 496 28 841 10 290 69 421 327 163 214 173 76 444 70 164 241 276 207 129 14 9 92 369 410 526 136 174 261 265 306 364 400 481 
258:0 133 246 401 213 419 112 117 44 59 34 445 585 68 174 111 91 291 38 104 414 497 283 203 263 193 218 45 258 29 237 56 301 58 196 231 67 102 243 426 189 300 363 182 240 287 156 216 157 249 88 317 205 496 503 103 290 214 124 482 173 23 70 164 276 48 57 207 33 36 92 253 127 55 518 352 250 469 526 281 308 
259:0 133 246 401 213 419 117 59 34 280 523 445 585 68 111 91 291 38 104 223 414 89 497 283 203 263 374 193 218 45 258 29 237 56 58 8 196 231 67 25 5 102 426 330 341 189 300 363 602 182 240 156 216 157 249 88 317 205 496 328 503 103 290 69 214 482 173 446 70 164 276 48 57 207 33 36 92 253 127 55 518 352 250 526 23 44 112 124 174 243 281 287 301 308 469 
260:0 133 246 401 213 419 117 59 776 34 280 339 523 445 585 68 643 111 91 291 38 104 223 414 89 497 283 203 263 374 838 411 264 193 218 416 45 258 359 29 237 624 308 56 63 58 8 196 231 668 67 25 5 102 426 330 341 189 300 363 200 602 182 240 156 216 46 431 157 249 88 317 205 496 328 503 103 290 69 214 482 173 446 666 444 70 164 276 48 57 207 33 36 92 253 127 55 518 352 250 526 23 44 112 124 174 243 281 287 301 469 
261:0 372 310 213 44 34 445 585 68 343 242 399 91 38 104 373 203 263 424 492 218 29 215 237 336 304 423 510 231 43 382 102 189 363 316 371 579 305 182 244 240 156 514 216 46 249 496 28 184 290 247 214 555 289 173 180 164 389 241 162 207 33 36 269 168 422 259 92 253 281 
262:0 372 213 44 34 445 585 68 343 242 399 91 38 104 373 203 263 424 492 218 416 29 237 336 63 304 423 510 231 636 102 189 363 316 371 579 182 244 240 156 514 216 46 249 496 28 184 290 247 214 555 289 173 180 70 164 389 241 162 207 33 36 269 168 634 422 259 92 253 281 43 215 305 310 382 
263:0 213 560 187 516 59 34 445 451 204 585 343 15 111 91 38 104 497 203 245 263 175 374 218 210 447 45 441 29 270 237 468 304 58 196 231 387 102 341 189 300 363 316 42 182 228 240 156 514 216 431 249 205 496 28 290 402 247 351 493 214 173 164 241 162 57 207 129 33 541 39 36 168 87 85 86 321 92 271 352 250 526 
263:1 372 213 560 59 34 68 91 38 203 263 313 374 447 441 29 270 304 58 196 231 282 834 43 122 341 600 371 42 182 501 240 156 514 496 28 184 103 402 247 214 555 173 164 241 57 129 33 36 269 168 87 85 86 271 250 526 
264:0 213 560 187 516 59 34 445 451 204 585 343 15 111 91 38 104 497 203 245 263 175 374 218 210 154 416 447 45 441 29 270 237 468 63 304 58 196 231 387 102 341 189 300 363 316 42 579 182 240 156 514 216 46 249 205 603 496 28 290 402 247 421 351 163 214 173 666 70 164 241 162 57 207 129 415 33 541 39 36 168 634 87 85 86 92 271 352 250 526 228 321 431 493 
264:1 372 213 560 59 776 34 68 91 38 203 263 313 374 154 416 447 441 29 270 468 63 304 58 196 231 834 43 122 341 400 371 42 182 240 156 514 496 28 184 103 402 247 421 214 555 173 666 164 241 57 129 415 33 36 269 168 634 87 85 86 271 250 526 282 501 600 
862:0 372 213 560 59 776 34 280 339 370 68 238 440 91 38 203 263 313 7 374 116 154 416 447 441 29 270 468 63 304 58 8 196 334 231 834 43 122 67 25 5 341 400 792 371 42 182 240 156 514 279 179 496 28 184 103 402 247 421 214 555 173 666 66 164 241 57 129 415 33 36 269 168 634 87 85 9 86 271 250 526 404  282 600 501 
265:0 450 527 40 173 81 33 
266:0 450 527 106 334 81 33 40 173 
267:0 71 512 332 314 213 450 405 445 585 432 38 104 527 203 412 263 148 218 202 416 16 237 63 571 636 72 102 234 363 466 182 94 483 99 156 216 355 496 219 290 247 324 318 214 173 76 81 522 78 164 241 207 129 366 168 92 239 369 474 18 33 40 106 334 
268:0 450 527 106 334 81 33 40 173 
269:0 512 332 314 213 450 405 445 585 93 432 38 104 527 203 412 263 148 218 202 416 16 237 63 571 636 113 102 236 363 466 77 182 60 94 483 156 216 355 496 290 247 324 318 214 188 173 76 81 522 164 241 207 129 366 168 92 239 369 474 18 33 40 106 334 
270:0 71 310 213 59 34 145 61 331 445 585 68 38 104 497 203 412 263 175 148 218 202 447 829 45 258 29 237 58 196 73 72 102 54 363 267 182 240 75 156 216 496 503 290 402 214 173 76 164 241 57 207 230 14 235 298 168 321 92 253 55 352 250 428 
271:0 71 310 213 59 34 280 145 61 331 445 585 291 38 104 409 223 497 227 203 412 263 252 7 175 148 374 218 154 202 447 829 45 258 29 237 468 56 304 58 8 196 282 72 25 5 102 54 330 341 189 363 267 602 182 240 156 216 249 496 503 290 402 214 173 76 70 164 241 57 207 14 235 298 168 9 92 253 127 55 352 346 250 428 68 73 75 230 321 
272:0 71 133 310 213 59 34 280 61 331 445 585 68 291 38 104 409 223 497 227 203 412 263 252 7 175 148 374 411 264 218 154 202 416 447 829 45 258 29 237 468 56 63 304 58 8 196 282 437 72 25 5 118 102 54 330 341 189 363 267 602 182 240 156 216 431 249 496 503 290 402 69 214 173 76 70 164 241 57 207 14 235 298 168 9 92 253 127 55 352 311 250 428 73 75 145 230 321 346 
273:0 71 133 310 213 251 117 34 331 445 585 111 432 91 38 104 203 412 153 263 206 148 492 218 202 447 829 593 74 106 29 237 73 72 102 417 363 267 400 371 384 182 98 13 287 156 514 216 249 205 496 290 402 120 247 214 173 76 180 164 389 241 207 14 235 33 36 92 388 
274:0 71 314 133 372 310 213 251 34 280 331 445 585 15 399 111 432 91 38 104 373 203 412 153 326 263 252 206 185 148 374 492 218 210 202 447 829 593 74 106 29 237 63 834 348 67 490 72 25 102 189 417 363 267 371 1 384 602 182 244 75 13 156 514 216 157 249 317 205 496 290 402 120 247 214 555 173 76 630 180 70 164 389 241 207 129 14 235 33 168 259 92 388 36 73 98 117 287 400 
275:0 71 332 314 403 133 372 310 213 251 34 340 280 664 331 445 585 15 399 111 432 91 38 104 373 203 412 153 326 263 252 206 185 148 374 411 492 218 210 202 416 447 829 593 74 106 29 257 237 542 63 196 282 834 348 437 536 67 490 72 25 102 189 417 363 267 466 371 1 384 602 182 244 75 156 514 216 279 157 249 317 205 496 103 290 402 120 247 318 214 555 173 76 630 180 70 164 389 241 207 129 14 235 33 366 168 634 259 92 239 18 388 404 13 36 73 98 117 287 400 
276:0 332 97 314 403 213 561 413 445 585 68 432 38 104 497 283 203 263 297 19 116 218 45 257 237 542 102 119 189 363 466 64 365 182 228 98 501 99 240 287 156 216 179 355 496 290 143 214 173 211 164 241 48 207 129 366 168 92 239 369 18 17 526 
277:0 332 97 314 403 213 226 413 445 585 68 432 38 104 497 283 203 263 19 116 218 416 45 257 237 63 636 102 189 363 466 64 365 182 98 501 240 156 216 179 355 496 290 143 214 173 211 164 241 207 129 366 168 92 239 369 17 526 18 48 99 119 228 287 297 542 561 
278:0 332 97 314 403 392 213 59 362 445 585 432 38 104 840 497 203 263 19 218 45 16 258 237 542 58 196 282 668 102 54 189 363 466 365 182 228 98 240 156 216 355 496 503 290 351 143 214 173 487 211 164 48 207 129 366 168 92 239 253 369 55 352 346 469 17 
279:0 332 97 314 403 213 59 413 362 445 585 432 38 104 840 497 203 263 374 19 218 416 45 441 258 237 542 56 63 58 196 282 668 102 54 189 363 466 371 365 182 98 240 156 216 355 496 503 290 402 351 143 507 214 173 487 255 211 254 164 48 57 207 256 129 366 168 92 239 253 369 55 352 346 311 250 17 16 228 392 469 
280:0 502 213 34 347 445 451 204 585 109 93 563 111 194 50 586 38 104 564 138 497 227 203 823 263 7 148 374 218 248 447 45 288 29 505 270 237 304 95 8 196 286 282 791 113 381 345 277 478 212 25 5 262 102 599 189 363 171 220 182 60 94 244 473 240 278 115 156 216 496 219 290 247 425 351 324 47 285 214 289 173 500 164 241 207 129 485 269 477 100 168 85 9 86 259 92 271 433 273 472 428 261 
281:0 502 213 34 347 445 451 204 585 93 563 111 586 38 104 564 138 497 227 203 823 263 7 148 374 218 248 447 45 29 505 270 237 304 95 8 196 286 791 113 381 345 277 478 25 5 102 599 189 363 171 220 182 60 94 244 473 240 278 115 156 216 496 219 290 247 351 324 285 214 289 173 500 164 241 207 129 269 477 100 168 85 9 86 259 92 271 433 839 472 428 47 50 109 194 212 261 262 273 288 425 485 282 
282:0 502 213 34 347 445 451 204 585 93 563 111 586 38 104 564 138 497 227 203 412 823 263 7 148 374 411 218 248 416 447 45 385 29 215 361 505 270 237 63 304 95 8 196 286 636 791 113 345 277 478 25 5 102 828 599 572 189 573 363 171 220 384 182 60 94 633 244 473 240 278 115 156 216 496 219 290 247 351 324 285 214 289 173 500 164 241 207 129 269 477 100 168 85 9 86 259 92 271 433 839 273 472 428 47 50 109 194 212 261 262 288 381 425 485 282 
475:0 332 403 502 213 396 34 280 339 523 347 445 451 204 370 837 585 93 15 563 586 104 564 409 138 530 89 497 227 203 412 823 263 206 364 7 148 374 411 264 218 210 248 416 447 45 29 505 270 237 63 304 95 8 196 286 282 636 348 43 791 113 67 490 345 277 478 25 5 599 189 363 400 220 398 602 182 60 94 427 244 473 501 240 278 115 156 514 216 279 179 157 249 317 496 219 290 247 351 324 285 163 214 289 173 630 444 500 70 164 241 207 129 14 269 477 100 168 634 85 9 86 259 92 271 433 839 410 469 472 526 404 428 38 47 50 102 109 111 171 194 212 261 262 273 288 381 425 485 
283:0 97 453 213 226 59 145 61 450 445 585 38 104 203 263 591 148 193 218 202 114 237 56 58 196 571 668 656 102 170 54 341 189 300 363 471 182 60 244 98 240 156 216 496 503 290 247 324 214 173 76 605 81 522 164 241 207 230 129 168 92 352 346 
284:0 332 314 403 213 59 145 450 405 445 585 432 38 104 203 412 263 148 218 202 416 16 237 63 58 196 571 668 102 189 363 171 466 182 244 98 483 240 156 216 355 496 503 184 290 247 324 318 214 173 76 81 522 78 164 241 207 230 129 366 168 92 239 369 352 346 18 54 56 60 61 97 114 170 193 226 300 341 453 471 591 605 656 
285:0 71 213 34 331 445 204 585 38 104 409 203 412 263 313 206 148 264 218 202 447 74 29 270 237 73 72 102 363 77 182 287 156 216 496 219 290 402 214 188 289 173 76 147 78 164 241 207 14 235 33 92 474 358 388 
286:0 71 213 34 280 339 331 445 585 68 15 38 104 409 223 203 412 263 206 364 148 374 411 264 395 218 210 202 416 447 29 270 237 63 231 636 73 490 183 72 25 5 102 170 189 363 602 182 156 514 216 157 249 317 496 219 290 402 69 327 214 188 289 173 76 444 70 78 164 241 276 207 14 235 33 9 92 410 474 526 388 74 77 147 204 287 313 358 
287:0 332 495 133 213 59 34 280 339 445 498 585 68 343 306 174 15 38 104 223 227 203 263 185 126 7 175 53 374 264 218 210 441 359 29 237 468 58 8 196 510 25 5 102 189 363 400 579 602 182 228 240 156 514 216 157 249 317 496 10 290 69 247 421 351 303 163 214 173 76 70 164 389 241 207 87 85 9 321 92 352 526 281 
288:0 332 495 213 59 34 280 339 523 445 498 585 68 343 15 38 104 223 89 227 203 263 126 7 53 374 411 116 264 218 210 154 441 29 237 468 58 8 196 510 67 490 25 5 102 189 363 602 182 240 156 514 216 179 46 431 157 249 317 496 10 290 69 247 421 351 163 214 173 76 70 164 389 241 207 269 87 85 9 92 253 352 526 133 174 175 185 228 281 303 306 321 359 400 579 
289:0 332 495 133 213 59 335 34 280 339 523 445 498 585 68 343 15 38 104 223 89 227 203 263 185 126 7 175 53 374 411 264 218 210 416 441 359 29 237 468 63 58 8 196 510 67 490 25 5 102 189 363 602 182 386 511 240 156 514 216 46 431 157 249 317 496 10 290 69 247 421 351 303 214 479 173 76 666 70 164 389 241 207 269 87 85 9 92 352 526 281 116 154 163 174 179 228 253 306 321 400 579 
290:0 71 332 117 450 405 585 15 91 38 104 203 263 206 185 515 175 148 218 210 154 202 16 106 237 468 141 232 102 170 189 363 400 182 156 216 496 28 201 10 290 247 318 832 214 173 76 180 81 522 164 241 207 92 404 
291:0 71 512 332 97 314 403 213 226 450 405 445 585 15 432 91 38 104 840 203 263 206 148 218 210 154 202 416 106 237 468 63 636 141 232 102 170 189 363 466 182 156 216 355 496 28 201 10 103 290 247 318 832 163 214 173 76 180 81 522 164 241 207 129 14 168 92 253 369 404 16 117 185 400 515 175 
292:0:1 71 332 97 502 226 450 405 585 109 15 91 38 104 138 203 263 206 148 218 210 154 202 416 288 106 377 506 237 468 63 141 232 102 170 189 363 171 578 835 182 156 216 496 28 201 10 103 290 247 421 425 832 163 214 173 76 180 81 522 164 389 241 207 14 477 168 92 271 404 
293:0 310 213 59 34 445 509 585 68 111 586 38 104 223 497 283 203 326 263 313 126 7 53 374 218 359 29 237 336 304 58 8 196 510 25 5 102 189 363 1 182 244 240 156 514 216 46 205 496 103 290 69 247 351 214 265 108 173 76 23 164 241 48 207 485 36 298 9 92 253 352 18 526 428 
294:0 310 213 44 59 34 280 523 445 585 68 111 38 104 223 89 497 283 203 263 313 126 7 53 374 218 29 237 336 304 58 8 196 510 67 25 5 102 189 363 315 1 602 182 244 240 156 514 216 46 157 249 317 205 496 103 290 69 247 351 214 479 173 76 23 666 70 164 241 48 207 485 269 9 259 92 253 352 526 428 18 36 108 265 298 326 359 509 586 
295:0 310 213 419 44 59 34 561 280 523 445 585 68 242 111 38 104 223 89 497 283 203 263 313 126 424 7 53 374 411 218 416 29 237 336 56 63 304 58 423 8 196 510 67 25 5 102 189 363 200 315 1 602 182 244 240 156 514 216 46 431 157 249 317 205 496 103 290 69 247 351 214 479 173 76 23 666 70 164 241 48 57 207 485 269 831 422 9 259 92 253 352 250 526 428 18 36 108 265 298 326 359 509 586 
296:0 292 213 187 34 280 339 523 418 445 498 370 585 68 238 197 91 38 104 223 89 203 263 252 364 185 7 374 411 116 264 395 193 218 29 484 270 237 8 282 67 490 25 5 118 102 189 363 398 602 182 240 287 156 514 216 279 179 431 157 249 317 272 496 28 290 69 214 479 265 173 70 164 241 276 57 207 33 9 92 410 233 358 250 18 469 526 
297:0 292 213 187 34 280 362 339 523 445 370 585 68 91 38 104 223 89 203 263 252 7 374 411 116 264 395 218 416 29 484 270 237 63 8 442 282 67 490 25 5 118 102 189 363 371 398 602 182 240 156 514 216 179 431 157 249 317 272 496 28 290 69 214 479 265 173 666 444 70 164 241 276 57 207 33 634 9 92 410 233 358 250 18 526 185 193 197 238 279 287 364 418 469 498 
298:0 246 213 335 34 523 445 585 563 111 435 38 104 223 414 89 203 153 263 7 218 356 106 29 270 237 8 334 199 277 393 222 102 189 363 220 408 182 156 216 350 397 157 249 88 317 205 496 201 290 120 351 214 479 173 209 446 666 444 70 164 241 207 33 269 87 85 9 86 259 92 521 469 192 21 39 47 55 57 58 59 61 113 127 129 145 150 196 204 227 231 240 250 253 258 282 287 293 304 313 321 330 340 343 346 352 383 487 503 526 
299:0 502 246 213 335 523 445 585 563 435 104 414 89 203 153 263 7 430 218 416 356 29 237 63 8 334 442 199 277 443 597 393 189 363 220 408 182 156 216 350 397 157 249 317 205 496 201 290 351 214 479 173 209 446 666 444 70 164 241 207 33 269 477 87 85 9 86 259 92 161 521 469 192 34 38 88 102 106 111 120 222 223 270 457 
300:0 274 213 226 59 34 347 445 451 204 585 383 322 343 111 91 586 38 3 104 138 497 203 263 252 313 185 148 193 218 447 45 29 215 270 237 304 58 196 231 387 102 426 189 363 371 6 579 182 244 240 156 514 216 205 496 219 290 247 351 493 47 214 173 76 164 389 241 207 129 33 39 87 85 86 321 92 253 358 352 528 273 526 428 
301:0 213 59 34 347 445 451 585 343 111 91 38 3 104 138 497 203 263 252 148 218 416 447 45 29 215 270 237 63 304 58 196 231 636 387 102 189 363 371 182 244 240 156 514 216 249 205 496 219 290 247 351 47 214 173 76 666 70 164 389 241 207 186 129 87 85 86 92 253 352 528 526 428 6 33 39 185 193 204 226 273 274 313 321 322 358 383 426 493 579 586 
302:0 332 502 310 213 34 280 347 445 585 109 68 15 399 563 197 91 50 38 104 409 138 223 373 227 203 263 252 364 185 7 148 260 374 264 193 492 218 210 154 356 360 29 270 506 237 468 8 196 286 510 282 834 43 67 490 277 212 25 5 368 118 102 236 189 417 363 171 101 190 466 220 371 398 835 408 602 182 94 244 386 511 240 105 156 514 216 249 317 272 496 10 290 69 247 421 425 351 324 214 555 289 173 180 164 389 241 207 269 477 168 9 321 259 92 271 352 472 428 261 
303:0 246 372 310 213 226 44 34 280 664 445 451 585 68 242 399 38 104 564 223 373 203 263 565 313 206 185 126 424 53 430 374 411 264 492 218 416 447 45 385 29 270 237 63 58 423 8 196 510 334 442 282 636 387 393 25 5 368 102 599 189 363 220 371 579 305 602 182 665 244 386 240 156 216 157 249 317 496 201 290 69 247 47 21 214 188 289 173 76 255 446 796 254 444 70 164 389 241 162 207 256 230 14 269 422 9 321 259 92 11 
304:0 332 246 213 475 776 34 523 445 585 174 15 111 91 38 104 407 414 89 283 203 263 218 210 106 29 457 484 237 468 334 442 231 393 368 232 319 102 189 363 182 240 156 216 179 46 397 157 249 317 205 496 201 103 290 421 351 214 265 173 180 446 796 824 23 70 164 241 276 207 33 36 92 253 352 
305:0 332 246 213 475 776 34 523 445 585 15 111 91 38 104 414 89 283 203 263 218 210 106 29 484 237 468 334 442 231 393 368 232 319 102 189 363 182 240 156 216 179 46 350 397 157 249 317 205 496 201 328 103 290 421 351 214 173 180 446 796 824 666 444 70 164 241 276 207 33 36 92 253 352 23 174 265 407 457 
306:0 332 246 401 213 475 419 59 335 776 34 280 664 523 445 585 68 242 15 399 111 91 38 104 337 406 525 223 414 89 283 203 263 126 7 53 430 374 411 264 218 210 416 106 29 457 484 237 624 468 56 63 58 8 196 510 334 442 231 67 393 25 5 368 232 319 826 102 189 363 200 371 602 182 240 156 216 179 46 350 431 397 157 249 317 205 496 201 328 184 103 290 69 421 351 214 479 661 173 76 180 446 796 824 666 444 70 164 241 276 57 207 33 36 269 87 85 9 86 92 253 352 250 23 174 265 407 
307:0 367 213 226 117 34 280 339 418 347 445 585 93 68 197 38 104 409 138 223 203 263 252 364 7 148 374 411 264 395 193 218 447 356 385 29 270 237 8 113 67 490 277 96 25 5 118 102 170 189 363 220 398 384 379 602 182 94 427 244 473 501 240 105 278 115 156 514 216 179 157 249 317 272 496 290 69 247 324 214 173 70 164 241 207 129 477 9 92 271 410 526 428 136 
308:0 367 213 117 34 280 339 347 445 585 93 68 197 38 104 409 138 223 203 412 263 364 7 148 374 411 264 395 218 416 447 356 29 270 237 63 8 636 113 67 490 277 96 25 5 118 102 170 189 363 220 398 379 602 182 94 244 473 240 105 278 115 156 514 216 179 157 249 317 272 496 290 69 247 324 214 173 70 164 241 207 129 477 9 92 271 410 526 428 136 193 226 252 384 385 418 427 501 
309:0 97 213 44 34 445 268 451 585 242 174 435 38 104 587 486 203 263 424 481 53 148 218 29 237 336 423 231 43 113 393 102 189 363 316 182 665 98 240 156 216 830 46 496 290 351 324 214 555 173 209 70 164 207 129 415 33 168 87 85 422 86 92 253 521 528 
310:0 97 213 44 34 445 268 451 585 242 435 38 104 587 588 486 203 263 424 53 148 218 416 29 237 336 63 304 423 231 636 43 113 393 102 189 363 316 315 182 665 98 240 287 156 216 830 46 496 184 290 351 324 214 555 173 209 70 164 207 129 33 168 87 85 422 86 92 253 521 528 174 415 481 
311:0 97 213 226 516 34 445 268 451 204 585 383 68 343 111 435 38 104 223 497 486 527 227 203 494 263 313 148 374 218 447 45 29 270 237 231 387 113 381 393 25 5 118 102 189 300 417 363 575 580 182 98 240 156 216 205 496 290 69 351 324 47 214 173 209 164 207 186 129 671 87 85 9 86 92 253 521 528 273 346 
312:0 97 213 226 34 445 268 451 204 585 383 68 343 111 435 38 104 223 497 486 527 227 203 494 263 313 148 374 218 447 45 29 270 237 231 387 113 381 393 25 5 118 102 189 417 363 575 580 182 98 240 156 216 205 496 290 69 351 324 47 214 173 209 164 207 186 129 415 671 87 85 9 86 92 376 253 521 346 528 273 300 
313:0 512 332 314 213 226 34 280 450 405 445 451 585 109 68 563 432 146 38 104 223 227 203 263 148 374 264 218 202 270 237 8 571 113 656 25 5 118 102 236 189 363 466 579 602 182 244 98 240 156 216 355 496 290 69 247 351 324 318 214 173 76 81 522 164 241 207 129 33 294 366 168 87 85 9 86 92 271 369 352 428 
314:0 512 332 314 312 213 226 34 280 450 405 445 451 204 585 109 68 343 563 432 38 104 223 227 203 263 313 148 260 374 264 218 202 74 270 237 8 571 113 25 5 118 102 236 189 363 466 580 579 602 182 244 98 240 156 216 355 496 290 69 247 351 318 214 173 76 81 522 164 241 207 230 129 33 366 168 87 85 9 86 92 369 352 273 428 
406:0 71 213 331 445 585 178 343 15 563 104 203 412 326 263 148 218 202 447 320 829 74 237 437 791 72 170 189 363 267 42 182 244 240 75 156 216 496 290 402 247 79 214 188 173 76 191 78 164 241 207 129 14 235 92 253 474 346 311 388 
315:0 71 312 213 34 331 445 585 178 343 15 563 38 104 203 412 326 263 148 218 210 202 447 320 829 74 237 275 437 73 791 345 72 102 170 189 363 267 171 570 80 42 398 40 438 182 244 240 75 156 216 496 290 402 247 79 214 188 173 76 191 78 164 241 207 186 230 129 14 235 92 390 253 474 311 388 346 
407:0 71 312 213 34 331 445 585 343 15 563 104 203 412 263 148 218 210 202 416 447 829 593 74 237 63 275 636 437 73 345 72 189 363 267 570 80 42 398 40 438 182 244 240 156 216 496 290 402 247 214 188 173 76 191 78 164 241 207 230 129 14 235 92 390 253 607 474 311 388 38 75 79 102 170 171 178 186 320 326 346 791 
316:0 151 491 133 213 584 34 331 445 585 68 174 111 194 38 104 138 223 227 203 153 263 7 218 380 202 441 29 237 58 8 571 102 189 363 171 220 139 1 602 182 240 156 216 249 205 496 290 402 120 247 351 47 214 124 188 482 123 289 173 76 255 254 70 164 241 207 256 9 92 607 474 352 378 281 
317:0 491 133 213 584 335 34 523 331 445 585 68 111 38 104 138 223 89 227 203 153 263 7 218 380 202 416 441 29 237 63 58 8 571 102 189 363 171 220 139 1 602 182 240 156 216 249 205 496 290 402 120 247 351 214 124 188 482 289 173 76 255 254 70 164 241 207 256 9 92 607 474 352 378 281 47 123 151 174 194 
318:0 97 246 453 372 213 44 59 340 362 445 585 242 399 194 291 38 104 203 263 838 116 218 210 258 237 56 58 423 196 43 668 102 189 363 371 305 182 665 99 240 287 156 514 216 496 503 825 184 103 290 214 555 173 180 164 162 57 207 129 36 269 168 37 259 92 253 127 352 250 428 
319:0 97 246 453 372 213 419 44 59 340 362 523 445 370 585 242 399 194 291 38 104 89 203 263 364 838 116 218 210 416 258 237 56 63 58 423 196 43 668 102 189 363 400 371 305 398 182 665 99 240 156 514 216 46 249 317 496 503 825 184 103 290 130 163 214 555 173 180 70 164 162 57 207 129 36 269 168 259 92 253 127 352 250 428 37 287 
320:0 133 392 310 213 419 59 776 34 340 362 523 445 499 585 174 111 291 38 104 89 497 203 263 90 218 45 258 29 484 237 56 304 58 196 102 54 363 182 240 156 216 46 249 317 205 496 503 290 120 214 173 487 150 824 70 164 57 207 37 321 92 127 55 352 323 311 250 428 
321:0 133 310 213 419 59 335 776 34 340 362 523 445 585 111 291 38 104 89 497 203 263 218 416 45 258 29 484 237 56 63 304 58 196 442 668 102 54 363 574 182 240 156 216 46 249 317 205 496 503 290 120 214 173 487 150 824 70 164 57 207 92 127 55 352 323 311 250 428 37 90 174 321 392 499 
322:0 495 133 246 213 34 523 445 204 585 174 111 91 38 104 414 89 497 52 203 263 126 481 488 53 116 218 45 74 29 257 484 237 336 510 442 436 222 102 426 189 363 267 315 182 156 216 157 249 317 205 496 201 184 290 214 173 255 446 254 23 70 164 241 207 256 33 36 92 281 261 
323:0 495 133 213 34 523 445 585 174 111 91 38 104 414 89 497 52 203 284 153 263 126 90 481 488 53 430 116 218 416 45 29 257 237 63 510 442 436 222 102 189 363 267 315 182 156 216 46 397 157 249 317 205 496 201 290 120 214 173 76 446 666 444 70 164 241 207 33 36 92 281 23 74 184 204 246 254 255 256 261 336 426 484 
324:0 495 133 246 213 776 34 523 833 445 499 585 174 38 104 414 89 52 203 284 153 263 126 83 90 175 481 488 53 172 218 416 360 29 535 257 237 63 510 517 334 231 436 102 189 363 267 315 182 229 156 216 157 249 317 205 496 841 290 120 504 130 214 188 123 108 173 76 446 666 444 70 164 241 276 207 92 311 110 281 261 
325:0 502 133 213 34 340 347 445 451 585 109 343 38 104 138 203 326 263 148 218 248 447 29 215 237 196 231 113 381 277 102 243 363 316 371 408 182 60 94 244 473 149 240 278 115 156 216 272 496 290 247 351 324 493 285 214 289 173 150 164 241 207 129 269 477 168 86 259 92 271 433 253 18 428 
326:0 502 213 584 34 340 280 523 347 445 451 585 109 68 343 38 104 409 138 223 203 412 263 7 148 374 411 264 218 416 447 29 215 237 63 8 196 231 636 113 277 25 5 102 189 363 316 371 408 602 182 60 94 244 473 149 240 278 115 156 216 272 496 290 69 247 351 324 285 214 289 173 150 164 241 207 129 269 298 477 168 9 86 259 92 271 433 428 18 133 243 248 253 326 381 493 
327:0 274 213 226 34 280 347 445 585 383 68 343 111 91 50 146 38 104 409 138 223 227 203 263 252 313 185 7 175 148 374 264 218 470 29 270 237 304 95 8 196 387 67 25 5 118 102 189 363 171 602 182 60 94 427 375 244 240 229 278 156 514 216 157 249 317 272 205 496 219 290 69 247 351 47 285 214 265 289 173 651 666 70 164 389 241 276 207 129 33 298 168 37 9 92 271 433 253 352 528 273 526 428 
328:0 310 213 117 44 34 450 523 445 585 242 91 38 104 414 89 203 263 364 185 646 90 175 116 218 210 202 16 29 237 63 636 102 341 189 363 182 98 156 216 157 249 317 496 28 201 328 841 290 324 214 173 76 70 522 164 241 276 207 92 
329:0 314 403 310 213 117 44 34 561 450 405 523 445 585 242 432 91 38 104 434 225 406 407 525 840 414 89 203 263 185 90 19 116 218 210 202 29 257 237 63 636 102 341 189 363 466 200 182 156 216 157 249 317 355 496 28 201 328 841 103 290 324 318 214 173 76 49 211 70 522 164 241 276 48 207 129 366 634 92 239 253 369 16 98 175 364 646 
330:0 332 314 403 310 213 117 44 34 561 784 664 450 405 523 445 585 242 432 91 38 104 434 225 337 349 406 407 525 840 414 89 203 263 364 185 126 7 83 90 53 19 116 218 210 202 416 29 257 237 468 63 510 231 636 25 5 102 341 189 363 466 200 602 182 156 216 157 249 317 355 496 28 201 328 825 841 103 290 324 318 214 173 76 49 211 444 70 522 164 241 276 48 207 129 366 634 9 92 239 253 369 16 98 175 646 
331:0 71 51 213 584 335 34 280 331 445 585 178 68 15 399 194 50 38 104 409 223 227 203 412 263 185 591 148 374 264 218 210 202 447 320 74 29 237 275 73 43 67 345 5 102 189 417 363 267 302 371 42 398 40 602 182 156 216 272 603 496 28 201 290 402 69 214 265 173 76 191 180 164 389 241 207 415 14 235 298 9 92 474 388 
332:0 71 213 335 34 280 331 445 585 178 68 15 399 194 38 104 409 223 373 203 412 263 185 148 374 411 264 492 218 210 202 416 447 74 29 237 63 275 73 43 67 25 5 102 189 363 267 302 371 42 398 40 602 182 156 514 216 279 272 496 28 201 290 402 69 214 173 76 191 604 180 666 70 164 389 241 276 207 14 235 9 92 474 388 50 51 227 265 298 320 345 415 417 584 591 603 
333:0 332 97 314 310 213 34 445 585 538 563 432 586 38 104 225 406 407 138 840 497 203 263 206 297 19 218 31 45 114 215 257 237 304 58 102 119 54 572 189 363 466 200 64 195 579 365 384 182 244 228 99 240 287 156 216 355 496 219 290 47 143 214 173 76 211 164 241 207 129 366 36 168 92 239 253 
334:0 332 97 314 310 213 34 784 523 445 585 538 563 432 586 38 104 434 225 337 349 406 138 840 89 497 203 263 206 126 83 53 19 218 31 416 45 215 257 237 468 542 63 304 58 510 231 102 54 572 189 363 466 200 64 195 579 365 384 182 244 240 287 156 216 46 249 355 496 219 290 47 143 214 173 76 211 164 241 207 129 366 36 168 92 239 253 472 99 114 119 228 297 407 
335:0 332 213 187 59 34 280 445 370 585 68 306 174 111 197 91 50 38 458 24 104 223 373 283 203 263 206 364 515 126 7 175 53 374 411 264 218 210 154 202 29 237 468 58 8 196 510 231 282 387 43 67 25 5 232 102 189 363 400 371 398 602 182 228 98 501 240 13 287 156 514 216 279 46 431 157 249 317 205 496 10 290 69 247 421 351 163 214 173 76 70 164 241 207 129 14 269 168 634 87 85 9 86 92 352 526 404 
336:0 401 372 213 584 20 44 34 664 523 445 489 585 242 399 91 38 104 525 89 203 263 364 515 53 218 210 380 202 137 114 29 237 571 231 282 122 102 189 363 400 371 305 398 342 182 386 240 156 514 216 249 496 184 103 290 214 188 482 289 173 255 254 70 164 389 241 207 256 129 415 14 269 168 634 92 607 474 35 378 404 
337:0 512 502 246 226 59 34 523 347 451 585 93 322 111 38 104 138 414 89 373 203 153 263 148 218 248 416 447 356 360 258 106 377 270 237 63 95 58 196 442 636 113 277 478 826 102 572 236 417 363 220 408 384 182 94 633 244 473 149 240 278 115 156 216 350 397 157 88 317 205 496 219 201 328 290 120 247 324 285 214 479 173 446 666 444 500 164 207 129 33 477 92 433 311 428 
338:0 512 502 246 226 34 523 347 451 585 93 322 111 38 104 138 414 89 373 203 153 263 126 83 53 394 148 218 416 447 356 360 106 377 257 270 237 63 95 510 334 442 636 113 277 826 102 234 363 315 220 384 182 94 633 244 473 149 240 278 115 156 216 350 397 157 88 317 205 496 219 201 328 290 120 247 324 285 214 479 173 76 446 666 444 500 164 241 207 129 14 33 477 92 433 311 472 428 261 
339:0 133 401 213 59 340 523 445 585 291 38 104 349 414 89 203 263 90 175 218 248 258 29 237 56 58 196 222 102 426 330 341 189 300 363 182 240 156 216 317 496 201 503 290 214 173 209 164 57 207 36 37 92 127 55 352 346 250 
340:0 133 401 213 584 59 340 523 445 585 291 38 104 349 414 89 203 263 90 218 248 416 258 29 237 56 63 58 196 668 222 102 426 330 341 189 300 363 182 240 156 216 157 249 317 496 201 328 503 290 214 173 666 444 70 164 57 207 37 321 92 253 127 55 352 346 311 250 428 36 175 209 
341:0 332 246 453 213 59 34 280 145 61 445 498 585 68 152 242 15 91 38 458 104 349 283 203 263 206 374 218 210 12 258 106 237 468 56 58 196 334 282 43 232 102 330 341 189 300 363 400 371 182 240 534 156 216 157 249 317 496 503 290 163 214 188 173 180 70 164 276 57 207 415 14 269 92 376 127 55 352 346 250 404 11 
342:0 332 246 213 419 59 34 280 145 61 445 370 585 68 152 242 15 399 91 291 38 458 104 349 283 203 263 206 374 218 210 416 12 258 106 237 468 56 63 58 196 334 282 834 43 668 102 330 341 189 417 363 267 400 371 182 240 534 156 514 216 279 157 249 317 496 503 290 214 188 482 555 173 180 70 164 276 57 207 129 14 269 92 127 55 352 250 404 11 232 300 346 376 415 453 498 163 
343:0 502 246 523 347 451 585 93 322 563 91 38 104 138 529 414 89 587 203 823 153 326 263 148 218 447 356 470 385 360 106 29 377 506 237 58 286 113 277 102 189 363 471 384 379 182 60 94 633 244 473 240 229 278 115 287 156 216 397 157 317 496 219 201 328 841 290 120 247 324 285 214 479 173 76 446 164 241 207 477 92 271 433 472 428 
344:0 502 246 776 523 347 451 585 93 322 563 91 38 104 138 529 414 89 587 203 823 153 326 263 148 218 248 416 447 356 470 385 360 106 29 377 506 237 63 58 286 334 113 277 102 189 417 363 471 384 379 182 60 94 633 244 473 240 229 278 115 156 216 397 157 249 317 496 219 201 328 841 290 120 247 324 285 214 479 173 76 446 444 500 70 164 241 207 477 100 92 271 433 472 428 287 
345:0 51 133 246 310 213 112 20 34 362 331 445 585 109 132 174 38 104 414 203 412 263 148 218 380 202 447 237 571 275 72 826 102 243 341 189 363 220 182 244 105 156 216 350 397 157 317 496 201 290 402 214 188 479 173 76 255 446 254 81 164 241 207 256 14 235 321 92 388 35 378 29 
346:0 51 133 246 310 213 20 335 34 362 523 331 445 585 109 132 91 38 104 414 89 203 412 263 148 218 380 202 416 447 593 29 237 63 571 275 73 72 826 102 341 189 363 220 438 182 244 156 216 350 397 157 249 317 496 201 290 402 214 188 482 479 173 76 255 446 254 444 70 81 164 241 207 256 14 235 92 388 35 378 105 112 174 243 321 
347:0 332 246 453 213 34 280 362 450 445 585 440 306 174 15 91 38 104 414 203 263 206 218 210 106 29 237 468 334 282 232 826 102 341 189 300 363 182 229 156 216 350 397 157 249 317 496 28 201 10 103 290 163 214 479 173 446 81 522 164 241 207 14 92 55 352 404 
348:0 332 246 401 213 335 34 280 362 664 450 523 445 585 440 306 15 91 38 104 414 89 203 263 206 430 218 210 416 106 29 237 468 63 334 231 282 668 67 232 826 102 341 189 300 363 182 156 216 350 397 157 249 317 496 201 10 103 290 69 421 163 214 479 173 446 666 444 70 81 522 164 241 276 207 14 92 55 352 404 28 174 229 453 
349:0 213 59 362 445 585 109 291 38 104 225 406 203 263 175 218 258 114 237 95 58 196 231 113 102 243 54 330 341 300 363 182 240 156 216 496 503 825 290 214 173 150 164 57 207 129 33 321 92 127 352 250 
350:0 392 401 213 419 20 59 34 784 362 664 523 445 489 585 586 291 38 104 349 406 525 203 263 175 838 218 416 258 270 237 56 63 58 196 286 442 231 636 791 113 277 102 243 330 341 189 363 182 244 240 105 287 156 216 496 219 503 825 290 832 214 173 150 164 57 207 129 33 92 839 239 127 55 352 346 311 250 35 54 95 109 114 225 300 321 
351:0 133 213 419 59 34 445 499 585 322 111 432 50 38 104 52 203 412 263 126 53 148 218 248 385 258 29 506 237 542 56 58 196 510 387 381 102 363 466 181 182 244 240 513 156 514 216 496 201 503 290 247 351 214 173 76 164 241 207 129 33 366 168 87 85 86 92 55 352 311 526 
352:0 332 495 246 401 310 213 20 59 34 280 293 445 451 585 68 15 111 91 50 146 38 104 409 223 203 263 252 364 185 126 7 53 148 374 264 492 218 210 154 447 29 237 468 58 8 196 510 231 282 387 122 67 277 25 5 118 102 189 417 363 602 182 60 244 240 105 278 513 156 514 216 157 249 317 272 205 496 10 103 290 69 247 421 425 351 285 163 214 289 173 76 446 70 164 389 241 207 129 485 39 168 87 85 9 86 92 271 433 352 472 526 
353:0 502 310 213 34 347 445 451 585 109 174 399 563 194 50 38 104 138 373 203 263 185 148 193 492 218 288 441 29 506 237 196 286 282 277 478 102 363 171 101 466 220 371 578 182 94 244 228 240 156 216 272 496 103 290 247 425 351 285 214 289 173 180 164 389 241 207 269 477 168 87 85 86 259 92 271 433 261 
354:0 502 213 34 347 445 451 585 538 174 399 563 38 104 138 373 203 263 185 148 374 492 218 416 288 441 29 270 506 237 63 196 571 282 277 478 118 102 189 363 171 101 466 220 371 578 182 94 244 240 156 216 272 496 103 290 247 421 425 351 285 214 289 173 180 164 389 241 207 269 477 168 634 87 85 86 259 92 271 433 50 109 193 194 228 261 286 310 
355:0 502 310 213 59 34 347 445 451 585 109 174 399 194 50 38 104 138 373 203 263 185 148 374 193 218 248 356 288 114 29 270 506 237 58 196 286 571 43 212 262 102 363 171 101 466 220 371 835 182 94 244 228 240 156 216 279 496 290 247 425 285 832 214 289 173 180 164 389 241 207 269 477 168 259 92 271 433 472 261 
356:0 502 310 213 20 59 34 280 523 347 445 451 585 109 68 174 399 50 38 104 138 223 89 373 203 263 7 148 374 264 193 218 248 416 356 29 270 506 237 63 58 8 196 286 571 43 212 25 5 118 102 189 363 171 101 466 220 371 835 602 182 94 244 228 240 156 216 279 157 249 317 496 290 69 247 325 425 285 832 214 289 173 180 70 164 389 241 207 269 477 168 9 259 92 271 433 472 114 185 194 261 262 288 
477:0 502 310 213 20 59 34 280 523 347 445 451 585 109 174 643 399 194 50 104 138 89 373 203 263 7 148 374 411 264 193 218 248 416 356 29 270 506 237 63 58 8 196 286 571 636 43 212 25 5 118 189 363 101 466 220 371 835 602 182 94 244 228 240 156 216 279 157 249 317 496 290 247 325 425 285 832 214 289 173 180 70 164 389 241 207 269 477 168 9 259 92 271 433 472 38 68 69 102 114 171 185 223 261 262 288 
357:0 332 314 403 213 516 34 664 523 331 445 585 174 15 432 38 104 349 640 406 89 203 412 263 148 19 218 210 202 416 447 74 16 29 237 63 348 437 536 73 43 345 102 189 363 267 466 200 182 75 13 156 216 46 249 355 496 219 290 402 318 21 214 173 76 211 23 666 70 164 241 207 230 14 235 366 92 239 18 388 
433:0 502 310 213 20 347 445 451 585 93 322 174 563 50 104 138 497 203 494 263 148 218 248 447 356 45 215 270 237 304 95 196 282 387 113 277 363 182 94 244 473 240 105 278 115 156 216 205 496 219 290 247 351 324 285 214 289 173 500 164 241 207 129 269 477 86 259 92 271 433 253 273 35 281 428 
358:0 502 310 213 20 347 445 451 585 93 322 562 174 563 111 432 50 38 104 138 497 203 412 326 263 148 218 248 447 356 45 215 361 505 270 237 304 95 196 282 636 387 113 277 102 363 171 195 182 94 244 473 149 240 105 278 115 156 216 205 496 219 290 247 351 324 285 214 289 173 500 164 241 207 485 36 269 477 86 259 92 271 433 253 273 35 281 428 129 494 
359:0 332 403 372 213 226 44 59 34 340 664 347 445 451 370 585 68 174 15 399 197 38 104 138 497 203 263 206 364 185 126 53 148 116 492 218 210 248 416 258 29 506 237 468 63 58 196 510 231 282 636 43 277 212 382 224 102 189 363 171 400 371 195 579 182 427 244 386 228 98 240 13 156 514 216 157 249 317 272 496 201 10 290 247 421 351 163 214 555 289 173 180 444 70 164 389 241 276 207 129 14 269 168 634 87 85 86 259 92 352 273 404 428 261 
361:0 310 213 419 117 44 59 335 34 445 585 242 50 38 104 203 263 313 148 524 218 258 29 506 237 58 423 420 556 196 43 113 102 363 181 182 240 156 216 205 496 219 290 247 47 214 173 191 180 164 207 415 92 352 311 
362:0 310 213 419 44 59 335 34 523 445 585 242 399 111 38 104 89 203 153 263 313 148 568 524 218 416 360 258 29 506 237 63 58 423 420 333 196 442 636 43 113 102 363 371 181 182 240 156 216 205 496 219 184 290 120 247 329 324 214 173 191 180 824 164 162 207 269 259 92 352 311 47 50 117 415 556 
478:0 502 310 213 635 419 44 59 335 34 445 204 585 109 242 194 104 564 138 373 203 263 313 148 374 524 218 416 258 29 506 237 63 58 423 8 420 333 196 286 636 43 113 189 363 466 220 371 835 181 182 94 244 240 115 156 216 205 496 219 290 247 351 324 214 289 173 191 180 164 389 207 269 477 87 85 86 259 92 271 839 358 352 311 38 47 50 102 117 261 415 556 
363:0 392 401 213 62 187 59 34 362 523 445 204 585 174 111 291 38 104 89 497 227 203 263 90 524 218 45 258 29 237 301 58 196 231 102 189 363 181 182 240 156 216 157 249 317 205 496 290 329 324 214 173 255 824 254 70 164 162 57 207 256 92 127 55 352 346 250 281 
364:0 401 213 62 59 34 362 523 445 585 111 291 38 104 89 497 227 203 263 524 218 45 258 29 237 301 58 333 196 231 102 189 363 181 182 240 156 216 46 157 249 317 205 496 290 329 324 214 173 824 70 164 162 57 207 92 127 55 352 250 90 174 187 204 254 255 256 281 346 392 
365:0 401 213 62 419 59 335 776 34 362 523 445 585 242 111 291 38 104 89 497 227 203 263 524 218 210 416 45 258 29 484 237 56 63 301 58 423 333 196 442 231 668 102 189 363 181 182 240 156 216 46 157 249 317 205 496 290 329 324 214 173 824 666 70 164 162 57 207 14 92 127 55 352 250 90 174 187 204 254 255 256 281 346 392 
366:0 392 213 112 59 34 362 445 128 585 109 291 38 104 203 263 218 258 237 58 196 334 102 330 300 363 182 240 287 156 216 496 503 290 504 214 173 164 48 57 207 92 127 55 352 250 
367:0 401 213 226 20 44 59 34 340 362 445 489 585 242 291 38 104 203 263 185 218 416 258 237 56 63 58 423 196 571 102 189 363 182 240 156 216 317 496 503 184 103 290 214 289 173 164 389 162 57 207 129 92 127 352 250 48 55 109 112 128 287 300 330 334 392 504 
368:0 97 133 392 401 213 226 20 59 34 340 362 445 489 585 93 291 38 104 564 203 263 218 416 258 237 56 63 58 196 571 102 189 363 182 94 244 240 156 216 496 219 503 290 247 324 214 173 164 57 207 129 92 127 352 346 250 48 55 109 112 128 287 300 330 334 504 
369:0 133 246 401 213 59 776 34 340 362 523 347 445 585 291 38 104 414 89 203 263 175 218 416 258 106 29 457 237 56 63 58 196 334 668 222 826 102 330 341 189 300 363 182 244 240 156 216 350 397 157 249 317 496 219 201 503 825 290 130 214 479 173 446 666 444 164 57 207 33 36 92 127 55 352 346 250 281 428 
370:0 97 453 392 213 59 340 362 445 204 585 291 38 104 564 203 494 263 175 218 258 505 531 237 56 58 196 668 381 102 300 363 182 244 240 156 216 496 219 503 290 214 173 487 150 164 48 57 207 186 129 33 36 92 127 55 352 346 250 
371:0 332 213 44 34 280 445 585 242 15 111 38 104 434 225 337 349 406 82 407 52 203 263 126 424 53 116 218 210 29 237 468 56 304 510 334 43 102 189 363 200 182 99 240 156 216 46 157 249 317 496 184 290 421 214 173 70 164 241 207 37 92 239 273 428 
372:0 332 213 44 34 280 445 585 242 15 111 38 104 434 225 337 349 406 52 203 263 126 424 53 116 218 210 29 237 468 56 304 510 334 43 102 189 363 200 182 99 240 156 216 46 157 249 317 205 496 184 290 421 214 173 70 164 241 207 92 239 428 37 82 273 407 
373:0 332 314 403 401 213 44 34 784 280 664 523 445 585 242 15 111 432 38 104 434 225 337 349 406 525 840 89 52 203 263 126 424 53 19 116 218 210 416 29 257 237 468 542 56 63 304 510 334 231 636 43 102 189 363 466 200 182 99 240 287 156 216 46 157 249 317 205 355 496 184 290 421 214 173 211 444 70 164 241 207 129 366 422 92 239 428 37 82 273 407 
374:0 29 610 334 442 796 33 36 428 
375:0 332 97 502 34 280 523 418 585 93 322 15 111 38 104 223 89 203 823 153 263 148 430 218 210 447 356 360 29 237 468 63 8 196 334 442 113 393 232 826 309 102 357 189 363 602 182 94 427 244 473 228 240 115 287 156 216 397 157 249 317 205 496 201 184 290 120 247 324 214 188 173 446 796 824 70 164 241 207 129 33 36 477 9 92 271 428 610 
376:0 332 97 502 335 776 34 280 664 523 418 585 93 322 15 111 38 104 223 89 203 823 153 263 148 430 218 210 416 447 356 360 359 29 237 468 63 8 196 334 442 636 113 393 232 826 309 102 357 189 363 602 182 94 427 244 473 228 240 115 156 216 397 157 249 317 205 496 201 184 290 120 247 324 214 188 173 446 796 824 666 70 164 241 207 129 33 36 477 9 92 271 428 287 610 
377:0 246 335 776 34 280 523 451 585 68 174 111 91 38 104 409 223 414 89 203 153 263 7 430 374 411 264 218 416 356 359 29 484 237 63 8 334 442 199 25 5 826 102 189 363 602 182 244 156 216 350 431 397 157 249 88 317 205 496 219 201 328 290 69 120 351 214 479 173 446 23 666 444 70 164 241 276 207 87 85 9 86 92 192 
378:0 133 246 635 419 59 335 34 280 523 451 585 68 174 111 38 104 223 89 203 153 263 430 374 411 264 524 218 416 356 258 359 29 484 237 63 58 8 333 196 442 199 25 5 102 189 363 602 182 244 240 156 216 431 397 157 249 317 205 496 219 290 69 120 351 324 214 173 23 666 70 164 276 207 87 85 9 86 92 192 
379:0 332 133 246 335 776 34 280 523 451 585 68 174 111 38 104 223 89 203 153 263 430 374 411 264 218 416 356 359 29 484 237 468 63 8 334 442 199 393 25 5 232 826 102 189 363 602 182 244 240 156 216 431 397 157 249 317 205 496 219 201 328 290 69 120 421 351 214 173 446 796 824 23 666 70 164 241 276 207 87 85 9 86 92 192 
380:0 332 97 403 502 213 396 226 34 784 523 347 445 451 204 585 93 343 15 432 291 38 104 434 225 337 349 406 138 840 89 203 412 263 148 19 218 210 248 416 447 470 361 505 270 237 468 63 58 196 636 387 113 277 478 102 296 189 573 363 200 182 94 427 375 244 473 149 240 105 115 513 287 156 514 216 46 272 355 496 219 201 825 290 247 421 351 214 173 76 211 500 164 389 241 57 207 129 366 477 87 85 86 92 161 271 239 127 352 346 250 273 428 
381:0 332 97 403 502 213 396 226 34 784 523 347 445 451 585 93 15 432 291 38 104 434 225 337 349 406 138 840 89 203 412 263 148 19 218 210 248 416 447 377 505 270 237 468 63 58 196 636 387 113 295 277 262 102 189 573 363 200 471 182 94 427 375 244 473 149 240 105 115 287 156 514 216 46 355 496 219 201 825 290 247 421 351 493 214 173 76 211 500 164 241 57 207 129 366 477 87 85 86 92 161 271 239 127 352 250 472 428 
382:0 246 392 401 419 59 335 34 280 362 523 347 585 111 291 38 104 89 203 263 218 416 258 29 484 237 56 63 58 196 442 668 102 330 189 363 618 182 244 240 156 216 46 157 249 317 496 219 503 184 290 329 351 324 214 173 70 164 57 207 129 87 85 86 92 253 127 352 323 250 
383:0 332 246 335 34 280 664 339 523 585 68 15 111 91 38 104 337 406 525 223 414 89 203 284 263 126 7 90 53 374 411 218 210 416 359 29 535 484 237 624 468 63 510 442 231 436 25 5 102 341 189 363 315 602 619 182 244 156 216 46 431 397 157 249 317 205 496 219 201 184 841 290 69 421 351 163 214 479 173 76 446 666 444 70 164 241 207 129 14 87 85 9 86 92 253 
384:0 332 403 246 401 419 20 59 34 784 280 664 339 523 609 585 322 242 432 291 38 104 434 620 337 349 406 525 414 89 497 203 412 245 263 126 53 374 19 411 218 210 416 360 29 237 468 542 56 63 304 58 196 510 442 231 826 102 189 363 200 315 182 244 240 156 216 46 157 249 317 496 201 825 184 290 421 351 507 214 173 76 444 70 164 241 57 207 129 14 366 87 85 86 92 239 253 557 127 352 250 
385:0 332 502 133 246 396 226 34 347 451 204 585 93 322 563 111 353 38 104 434 409 138 223 227 203 412 823 263 7 148 430 374 266 218 248 416 447 356 608 29 361 531 270 237 63 8 196 286 334 442 387 791 113 381 277 478 25 5 826 309 118 102 572 189 363 171 579 602 182 94 244 473 240 278 115 287 156 216 496 219 201 290 247 351 324 285 214 173 446 796 500 164 241 207 129 477 87 85 9 86 92 271 433 253 369 352 273 428 
386:0 332 97 502 133 419 20 34 280 664 347 451 585 322 68 15 399 197 38 104 409 138 223 203 412 245 263 7 148 430 374 411 264 218 416 447 356 29 237 63 58 8 196 334 282 636 43 113 67 490 277 25 5 309 102 243 189 417 363 171 101 398 602 182 94 354 375 244 473 228 240 105 278 115 156 216 157 249 317 272 496 219 290 69 247 351 324 285 214 289 173 76 191 446 666 70 164 241 276 207 129 269 477 100 634 87 85 9 86 259 92 271 433 352 472 35 192 428 
387:0 71 133 213 44 34 331 445 585 242 174 15 38 104 414 203 412 263 148 218 202 447 520 593 74 29 484 237 231 437 73 113 72 189 363 267 182 75 115 156 216 431 249 496 219 328 290 402 214 173 76 255 446 254 70 164 241 276 207 256 14 235 33 37 321 92 469 110 526 388 338 
388:0 71 213 44 331 445 585 242 174 15 104 414 203 412 263 148 218 202 447 520 29 237 231 437 73 113 72 189 363 267 182 75 115 156 216 431 249 496 219 290 402 214 173 76 446 70 164 241 276 207 14 235 33 92 110 526 388 34 37 38 74 133 254 255 256 321 328 338 469 484 593 
389:0 71 213 44 335 523 331 445 585 242 174 15 104 414 89 203 412 263 148 338 218 202 416 447 520 29 237 63 442 231 437 73 113 72 189 363 267 200 182 75 115 156 216 46 431 397 157 249 317 496 219 201 290 402 214 173 76 446 666 444 70 164 241 276 207 14 235 33 92 110 452 526 388 34 37 38 74 133 254 255 256 321 328 469 484 593 
390:0 512 332 274 213 299 280 339 445 585 68 343 15 91 24 104 52 227 283 203 263 252 126 519 7 83 488 53 172 374 116 264 218 154 447 441 29 257 270 237 468 510 231 43 67 490 189 417 363 315 602 182 501 156 216 431 249 272 205 496 10 290 421 303 214 173 446 70 66 164 241 207 129 14 269 9 259 92 253 369 410 526 261 307 
391:0 512 332 213 280 339 445 370 585 343 15 91 104 530 52 283 203 263 364 126 519 7 83 488 53 172 394 374 411 264 218 154 447 441 29 257 270 237 468 510 231 43 67 490 183 189 363 315 398 602 182 156 514 216 431 157 249 317 272 205 496 10 290 421 303 214 173 446 70 164 241 207 129 14 269 9 259 92 369 410 526 24 66 68 116 227 252 253 261 274 299 307 417 501 
392:0 512 332 213 307 280 339 523 347 445 370 585 343 15 91 104 530 89 52 283 203 263 364 126 519 7 83 488 53 172 394 374 411 264 218 154 416 447 441 29 257 270 237 468 63 510 231 636 43 67 490 183 189 363 315 398 602 182 386 156 514 216 46 431 157 249 317 272 205 496 10 290 421 214 173 76 446 444 70 164 241 207 129 14 269 9 259 92 369 410 526 24 66 68 116 227 252 253 261 274 299 303 417 501 
393:0 332 97 392 213 117 59 280 362 145 61 445 585 343 15 432 91 291 458 104 65 497 203 263 297 175 374 218 31 447 45 258 29 237 56 58 196 54 189 300 363 64 365 1 658 182 511 240 156 216 317 496 503 290 324 47 214 173 446 164 48 57 207 92 127 518 352 346 250 526 281 308 
394:0 332 213 117 59 280 362 145 61 445 585 343 15 432 91 291 104 65 497 203 263 374 218 31 447 45 258 29 237 468 56 58 196 232 54 189 363 64 365 182 511 240 156 216 249 317 496 503 290 421 324 214 173 446 70 164 57 207 33 92 127 518 352 346 250 526 1 47 48 97 175 281 297 300 308 392 458 658 
395:0 332 453 213 419 59 280 362 145 61 523 445 585 343 15 432 91 291 104 65 89 497 203 263 430 374 218 31 210 416 447 45 258 29 237 468 308 56 63 58 196 334 282 636 668 232 54 189 363 64 365 182 511 240 156 216 46 431 157 249 317 496 503 290 421 324 214 173 446 211 70 164 57 207 14 33 634 92 127 518 352 250 526 1 47 48 97 117 175 281 297 300 346 392 458 658 
396:0 332 97 314 310 213 413 445 585 432 197 38 104 497 283 203 263 297 515 19 193 218 31 45 257 237 119 189 363 466 365 182 228 98 240 156 216 279 355 496 28 290 214 173 211 164 241 207 129 33 366 36 168 92 239 253 369 18 17 526 
397:0 332 97 314 213 413 445 585 432 104 497 283 203 263 297 515 19 218 45 257 237 189 363 466 365 182 98 240 156 514 216 355 496 290 214 173 211 164 241 207 129 33 366 36 168 92 239 253 369 18 17 526 28 31 38 119 193 197 228 279 310 
398:0 332 97 314 213 413 445 370 585 432 104 497 283 203 263 515 19 218 416 45 257 237 63 636 189 363 466 365 182 98 240 156 514 216 355 496 290 143 214 173 211 164 241 207 129 33 366 36 168 92 239 253 369 18 17 526 28 31 38 119 193 197 228 279 297 310 
399:0 133 401 213 59 445 451 585 343 242 174 15 111 91 38 104 497 203 263 218 210 154 447 45 29 237 158 58 196 231 387 189 300 363 316 365 182 98 240 156 514 216 431 249 205 496 290 247 351 130 214 173 446 164 241 162 276 207 129 14 33 36 269 168 87 85 86 92 346 526 281 
400:0 133 453 401 213 59 523 445 451 585 343 242 174 15 111 91 291 104 497 203 263 374 264 218 210 416 447 45 29 237 63 158 58 196 231 387 668 189 363 365 182 240 156 514 216 431 249 205 603 496 503 290 247 351 214 173 446 666 70 164 241 162 276 57 207 129 14 33 36 269 168 87 85 86 92 127 55 352 250 526 281 38 98 130 154 300 316 346 
401:0 117 450 283 45 189 173 81 522 253 571 
402:0 71 332 213 117 280 450 405 445 585 15 104 497 283 203 263 206 591 148 116 218 210 416 45 215 237 468 63 304 571 282 636 141 189 363 400 195 602 182 240 156 216 249 496 103 290 318 47 163 214 173 605 70 81 522 164 241 207 14 269 634 92 253 404 
403:0 213 560 44 445 268 451 585 242 435 24 104 587 486 203 263 313 424 148 218 210 29 270 237 336 423 231 43 113 393 189 363 400 579 182 665 98 240 156 216 830 46 496 184 290 351 324 214 555 173 209 70 164 207 129 33 36 168 87 85 422 84 86 92 521 528 
404:0 213 44 445 268 451 585 242 435 104 587 486 203 263 313 424 148 218 210 29 270 237 423 231 43 113 393 189 363 579 182 665 240 156 216 830 46 496 184 290 351 324 214 555 173 209 70 164 207 129 33 168 87 85 422 84 86 92 521 528 24 36 98 336 400 560 
405:0 97 213 44 445 268 451 585 242 435 104 587 588 486 203 263 313 424 148 218 210 416 29 270 237 63 423 231 636 43 113 393 189 363 579 182 665 240 156 216 830 46 496 184 290 351 324 214 555 173 209 70 164 276 207 129 33 168 634 87 85 422 84 86 92 521 528 24 36 98 336 400 560 
408:0 246 372 213 59 523 445 498 585 242 174 91 38 104 406 414 89 283 203 263 126 7 53 374 116 218 359 29 457 237 58 510 442 231 43 189 363 371 602 182 228 240 156 216 46 431 397 157 249 317 496 201 184 103 290 351 21 214 479 173 180 446 23 444 70 164 241 276 207 14 36 168 37 87 85 9 92 253 18 428 
409:0 246 372 213 419 59 280 523 445 498 585 15 91 104 406 525 414 89 283 203 263 126 7 53 374 411 116 264 218 416 29 457 237 63 58 510 442 231 636 43 189 363 200 220 371 602 182 228 240 156 216 46 431 397 157 249 317 496 201 184 103 290 351 214 479 173 180 446 666 444 70 164 241 276 57 207 14 36 168 87 85 9 92 253 250 428 18 21 23 37 38 174 242 359 
410:0 246 213 59 34 523 445 585 68 174 91 38 104 414 89 203 263 126 90 53 430 116 218 470 29 484 237 58 510 334 442 231 393 368 319 189 363 182 240 156 216 46 350 397 157 249 317 496 201 184 103 290 351 214 479 173 446 444 70 164 241 207 33 36 269 87 85 259 92 469 
411:0 246 213 419 59 335 523 445 585 91 104 414 89 203 263 126 53 430 218 416 29 484 237 63 58 510 334 442 231 277 393 368 319 189 363 200 182 240 156 216 46 397 157 249 317 496 201 290 351 214 479 173 446 666 444 70 164 241 207 33 36 269 87 85 259 92 34 38 68 90 103 116 174 184 350 469 470 
412:0 450 527 237 182 173 81 33 
413:0 502 213 450 405 331 445 585 93 104 138 527 283 203 412 263 175 148 218 202 416 447 74 237 63 571 437 363 182 60 94 244 483 240 75 156 216 496 219 290 402 247 324 285 214 173 76 81 522 164 389 241 207 235 33 477 168 92 253 474 388 
413:1 502 213 450 405 523 445 585 93 91 104 138 414 89 527 283 203 263 90 175 148 218 416 106 237 63 571 189 363 182 60 94 244 483 240 156 216 350 317 205 496 219 201 290 247 324 285 214 173 446 81 522 164 389 241 207 33 477 168 92 253 474 
413:2 502 213 450 405 445 585 93 104 138 527 283 203 263 175 148 430 218 416 441 360 237 63 571 334 442 393 368 319 429 363 182 60 94 244 483 240 156 216 496 219 290 247 324 285 214 173 446 81 522 164 389 241 207 33 477 168 92 253 474 
414:0 512 332 314 403 213 450 405 293 445 585 93 432 104 138 527 203 412 263 148 218 202 416 16 237 63 571 656 189 363 466 77 182 60 94 244 483 240 156 216 355 496 219 290 247 324 318 285 214 173 76 81 522 164 241 207 129 33 366 168 92 239 369 474 
415:0 314 450 405 840 283 16 189 466 173 81 522 230 129 366 
416:0 512 332 314 403 312 583 372 454 213 251 450 405 445 585 109 440 15 455 432 194 104 840 283 203 263 591 148 374 218 210 154 416 16 456 506 237 468 63 571 636 189 363 466 42 40 408 182 228 511 240 156 216 279 179 355 496 103 290 324 318 163 214 188 173 81 522 164 241 207 230 129 366 168 92 390 253 369 474 404 
417:0 213 560 516 117 44 445 268 451 204 585 343 15 111 91 435 104 497 486 527 203 263 313 175 148 260 374 266 218 447 45 441 29 270 237 158 594 231 636 387 113 393 189 363 575 182 98 240 156 216 205 496 290 402 351 214 173 209 164 162 207 186 129 39 87 85 9 86 92 253 369 521 
418:0 97 453 392 401 213 226 59 280 362 339 445 585 91 291 458 3 104 497 203 263 264 218 210 154 45 258 29 270 237 56 58 8 196 231 382 189 363 316 602 182 228 98 240 13 156 216 249 317 496 503 290 163 214 173 487 49 70 164 57 207 129 415 541 92 127 55 352 346 250 
419:0 97 453 401 213 59 280 362 339 445 585 242 91 291 458 104 497 203 263 411 264 218 416 45 258 29 270 237 56 63 58 423 8 196 231 668 67 189 363 371 602 182 228 98 240 13 156 216 46 249 317 496 503 290 214 173 49 70 164 57 207 129 269 259 92 127 55 352 346 250 3 154 163 210 226 316 382 392 415 487 541 
420:0 312 213 331 445 585 563 111 104 564 203 412 263 148 592 218 202 447 320 829 593 74 361 505 270 237 625 73 381 345 234 363 267 570 654 182 75 156 216 205 496 219 290 402 214 173 76 164 241 207 230 14 235 33 36 321 92 311 388 313 
421:0 213 331 445 585 563 104 564 203 412 263 148 592 218 202 416 447 829 593 74 270 237 63 636 625 73 381 345 234 363 267 570 80 579 654 182 156 216 205 496 219 290 402 214 173 76 630 164 241 207 14 235 33 36 92 311 388 75 111 230 312 313 320 321 361 505 
422:0 151 133 246 213 59 34 362 445 499 585 68 174 291 104 414 203 263 90 218 258 106 29 237 56 58 196 571 262 243 54 426 330 341 189 300 363 220 182 240 105 156 216 496 503 290 832 214 124 173 255 254 81 164 57 207 256 92 376 55 352 250 281 
422:1 151 133 246 213 59 34 362 445 499 585 68 174 291 104 414 203 263 90 218 258 106 29 237 56 58 196 571 262 243 54 426 330 341 189 300 363 220 182 240 105 156 216 496 503 290 832 214 124 173 255 254 81 164 57 207 256 92 376 55 352 250 281 
423:0 133 246 213 59 335 34 362 523 445 585 91 291 104 414 89 203 263 148 218 416 258 106 29 237 56 63 58 196 571 262 426 330 341 189 300 363 220 182 240 105 156 216 157 249 317 496 201 328 503 290 832 214 188 482 173 666 444 70 81 164 57 207 92 127 55 352 311 250 54 68 90 124 151 174 243 254 255 256 281 376 499 
423:1 133 246 213 59 335 34 362 523 445 585 91 291 104 414 89 203 263 148 218 416 258 106 29 237 56 63 58 196 571 262 426 330 341 189 300 363 220 182 240 105 156 216 157 249 317 496 201 328 503 290 832 214 188 482 173 666 444 70 81 164 57 207 92 127 55 352 311 250 54 68 124 151 174 243 254 255 256 281 499 
425:0 512 314 502 133 310 213 226 20 34 664 347 445 451 499 585 132 15 432 194 50 104 138 373 203 153 263 148 116 218 16 360 114 506 237 95 196 282 277 262 107 189 363 466 220 371 182 94 244 240 278 156 216 205 496 290 120 247 351 318 285 214 173 180 255 254 164 389 241 207 256 129 366 477 168 87 85 86 92 271 311 261 
426:0 512 314 502 133 310 213 226 20 34 664 347 445 451 585 132 15 432 194 104 138 373 203 153 263 148 19 116 218 416 16 360 506 237 63 196 286 282 277 107 189 363 466 220 371 578 182 94 244 240 278 156 216 205 496 290 120 247 351 318 285 214 173 180 255 254 650 164 389 241 207 256 129 366 477 168 87 85 86 92 271 311 50 95 114 261 262 499 
427:0 495 97 372 213 560 226 340 445 451 204 509 585 383 322 343 15 111 91 146 458 24 104 409 227 283 203 494 263 252 313 7 175 260 374 264 193 218 447 29 215 361 270 237 304 58 8 231 26 387 67 490 277 25 5 189 300 363 371 579 1 602 182 98 240 156 514 216 249 496 290 247 351 327 214 173 76 150 164 241 207 186 129 415 298 85 9 86 92 839 253 352 526 
428:0 512 495 97 372 213 396 560 226 59 340 664 445 451 204 370 585 322 343 15 111 91 146 24 104 409 227 283 203 494 263 313 7 260 374 411 264 193 218 210 416 447 29 215 361 270 237 63 304 58 8 231 26 636 387 67 490 277 25 5 243 189 363 371 579 1 602 182 98 240 156 514 216 179 249 603 496 290 247 351 214 173 76 150 70 164 241 207 129 87 85 9 86 92 839 253 369 352 526 136 175 186 252 298 300 327 383 415 458 509 
431:0 332 274 372 213 44 445 204 585 343 15 91 104 138 497 203 263 252 313 185 175 148 492 218 210 154 45 29 237 468 304 95 231 282 387 189 363 371 579 182 244 98 240 156 514 216 496 28 10 290 247 421 351 163 214 289 173 164 389 241 162 207 129 39 269 168 87 85 259 92 369 358 352 526 
432:0 332 274 213 34 523 445 204 585 343 15 91 104 138 497 203 263 252 185 148 492 218 210 154 416 45 29 237 468 63 304 95 231 282 387 189 363 371 182 244 240 156 514 216 46 205 496 10 290 247 421 351 163 214 289 173 666 164 389 241 162 207 129 269 168 634 87 85 259 92 369 352 526 28 39 44 98 175 313 358 372 579 
434:0 491 372 310 213 584 44 445 585 836 242 15 399 432 91 38 104 203 153 263 364 126 481 53 116 492 218 210 154 114 29 506 237 468 510 231 834 43 262 189 417 363 400 371 579 139 182 386 228 240 156 216 46 249 496 184 10 103 290 247 421 163 214 188 123 108 555 289 173 164 389 241 207 129 541 269 168 634 259 92 607 474 
435:0 491 372 213 584 44 833 445 585 836 242 15 399 432 91 104 203 153 263 364 126 83 53 116 492 218 210 154 416 29 506 237 468 63 510 231 834 262 189 417 363 400 371 579 139 398 182 240 156 216 46 249 496 184 10 103 290 247 421 163 214 188 108 555 289 173 70 164 389 241 207 129 541 269 168 634 259 92 607 474 38 43 114 123 228 310 386 481 
436:0 502 246 523 347 451 585 109 93 104 138 89 203 823 326 263 185 148 430 218 248 447 356 385 360 377 484 506 237 95 286 334 113 319 363 371 384 182 94 244 473 149 240 278 115 156 216 397 157 317 205 496 219 201 290 247 324 285 214 173 76 660 446 796 824 164 241 207 33 477 92 271 433 472 
437:0 502 246 335 776 523 347 451 585 109 93 104 138 89 203 823 153 326 263 185 148 430 218 248 416 447 356 385 360 377 484 506 237 63 95 286 334 442 113 319 826 363 371 384 182 94 633 244 473 149 240 278 115 156 216 397 157 249 317 205 496 219 201 290 247 324 285 214 173 76 660 446 796 824 70 164 241 207 33 477 92 271 433 311 472 428 
441:0 332 97 314 213 561 445 448 585 432 104 497 227 203 263 297 19 218 31 45 257 237 304 102 119 189 417 363 101 466 64 365 182 240 156 216 272 355 496 290 47 143 214 173 211 164 241 48 207 129 485 366 269 168 259 92 239 253 369 526 
442:0 502 213 833 347 445 585 109 174 399 194 50 104 138 373 203 263 185 148 492 218 416 288 506 237 63 95 196 286 571 834 262 417 363 171 101 466 220 371 578 835 182 94 244 228 511 240 156 514 216 317 496 290 247 425 351 318 214 108 555 289 173 180 164 389 241 207 269 477 168 259 92 271 253 352 472 261 
443:0 332 213 44 34 523 445 585 15 91 38 104 434 225 337 406 82 407 414 89 203 263 126 53 218 210 29 237 468 510 442 231 232 341 189 363 200 182 240 156 216 46 431 157 249 317 496 28 201 328 825 184 841 290 421 163 214 173 446 444 70 164 241 207 129 33 36 37 92 239 
444:0 332 213 44 34 523 445 585 15 91 104 434 225 337 406 82 407 530 414 89 203 263 126 53 218 210 29 237 468 510 442 231 636 341 189 363 200 182 240 156 216 46 431 157 249 317 496 28 201 328 825 184 841 290 421 163 214 173 446 444 70 164 241 207 129 33 36 92 239 37 38 232 
445:0 332 401 213 44 34 784 280 664 523 445 585 242 15 91 104 434 225 337 406 82 407 525 530 414 89 203 263 206 126 424 53 374 218 210 416 29 237 468 63 510 442 231 636 341 189 363 200 398 182 240 156 216 46 431 157 249 317 496 28 201 328 825 184 841 290 421 163 214 173 446 666 444 70 164 241 57 207 129 14 33 36 92 239 250 37 38 232 
447:0 97 213 396 44 299 280 339 523 418 445 509 837 585 383 68 238 242 197 91 104 409 530 89 203 263 364 515 374 411 264 266 395 193 218 210 29 270 237 336 8 334 231 636 67 490 393 25 5 232 309 170 189 417 363 371 398 602 182 98 501 240 156 514 216 279 179 46 157 249 317 272 496 103 290 421 327 214 173 70 164 241 207 129 14 9 92 410 526 428 136 
448:0 97 213 396 299 198 280 339 523 418 347 445 370 837 585 383 68 242 399 197 91 104 406 409 530 89 203 245 263 364 515 430 374 411 116 264 395 193 218 210 416 29 505 270 237 468 63 8 334 231 636 791 67 490 393 382 25 5 232 319 309 189 417 363 371 398 602 182 94 98 501 240 156 514 216 279 179 46 431 157 249 317 272 496 184 103 290 247 421 214 173 796 444 70 164 241 207 129 14 831 9 92 410 352 526 428 44 136 170 238 266 327 509 336 
449:0 133 213 44 34 523 445 585 242 174 91 38 104 414 89 203 263 90 218 29 237 624 231 330 341 189 363 182 156 216 279 46 157 249 317 496 28 201 328 841 290 303 214 173 255 446 254 666 70 164 241 276 207 256 33 36 92 352 311 18 281 
450:0 133 213 44 776 34 523 445 585 242 91 38 104 414 89 203 263 424 90 218 416 29 484 237 624 63 423 442 231 330 341 189 363 182 156 216 279 46 157 249 317 496 28 201 328 841 290 303 214 173 446 666 444 70 164 241 276 207 33 36 422 92 352 311 281 18 174 254 255 256 
451:0 367 332 97 401 372 213 44 280 450 405 445 585 109 440 242 15 399 91 104 203 263 206 185 591 148 374 218 210 29 237 468 571 231 282 43 189 363 400 371 42 305 398 40 342 182 228 240 156 216 249 317 496 28 184 103 290 247 832 163 214 188 173 70 522 164 241 207 14 269 168 259 92 390 41 474 18 404 
452:0 367 332 97 401 372 213 44 280 664 450 405 523 445 585 440 242 15 399 91 104 89 203 263 206 591 424 148 374 218 210 416 29 237 468 63 423 571 334 231 282 834 141 43 189 363 400 371 42 305 398 40 182 228 240 156 514 216 46 431 157 249 317 496 328 184 103 290 247 832 214 188 555 173 666 70 522 164 241 207 14 269 168 634 422 259 92 390 607 474 404 18 28 41 109 163 185 342 
453:0 367 372 310 213 226 584 340 280 339 523 418 445 837 585 68 238 399 91 104 409 530 223 89 373 227 203 263 252 364 185 260 374 411 264 492 218 210 441 29 270 237 8 196 282 834 67 490 96 382 25 5 426 189 417 363 371 398 40 602 182 228 501 240 156 514 216 279 431 157 249 317 272 496 103 290 247 214 188 482 265 289 173 180 70 164 389 241 162 207 269 168 9 259 92 410 607 474 358 526 404 
454:0 372 310 213 226 584 340 280 339 523 445 837 585 836 343 440 15 399 91 104 409 530 89 373 227 203 263 185 260 374 411 264 492 218 210 416 441 29 270 237 63 8 196 282 834 67 490 25 5 426 189 417 363 371 398 40 602 182 228 240 156 514 216 279 431 157 249 317 272 496 103 290 247 214 188 482 289 173 180 444 70 164 389 241 162 207 14 269 168 634 9 259 92 410 607 474 526 404 68 96 223 238 252 265 358 364 367 382 418 501 
455:0 491 213 20 44 450 331 445 585 242 15 432 104 203 412 263 185 148 374 218 210 380 202 416 447 320 74 237 63 571 275 282 536 73 345 189 363 267 371 438 182 476 75 156 216 496 290 402 21 79 214 188 173 76 255 254 78 164 241 207 256 230 14 235 168 634 92 22 388 378 
456:0 97 314 392 401 213 62 59 340 362 445 204 585 109 432 291 104 203 263 175 148 218 16 258 237 58 196 363 267 466 371 1 182 60 244 240 156 216 496 219 503 290 324 318 214 173 487 150 164 57 207 186 129 366 321 92 239 369 127 55 352 250 
457:0 314 392 401 213 59 340 362 445 585 432 291 104 203 263 148 218 416 16 258 237 63 58 196 363 466 371 1 182 244 240 156 216 496 219 503 290 324 318 214 173 487 164 57 207 129 366 92 239 369 127 55 352 250 60 62 97 109 150 175 186 204 267 321 
459:0 213 419 59 331 445 585 38 104 203 412 263 148 524 218 202 447 320 829 74 258 29 237 58 8 420 196 275 231 625 73 43 113 345 5 54 189 363 181 182 240 75 156 216 272 496 219 290 402 247 329 130 214 173 76 23 164 207 14 235 92 352 311 452 388 
460:0 213 635 419 59 335 280 523 331 445 585 104 414 89 203 412 263 148 374 411 264 524 218 202 416 447 320 829 258 29 237 63 58 8 420 333 196 275 231 625 437 43 113 345 25 5 54 189 363 200 181 182 240 75 156 216 431 157 249 317 272 496 219 290 402 247 329 214 173 76 666 70 164 207 14 235 92 352 311 452 388 23 38 73 74 130 
479:0 502 310 268 451 585 109 399 432 586 435 104 138 587 588 486 527 203 263 148 492 218 270 506 237 304 113 189 417 363 466 220 835 182 244 240 115 156 216 830 496 290 247 351 324 214 289 173 180 500 164 389 241 207 129 477 168 87 85 84 86 92 271 253 521 261 
479:2 502 310 268 451 585 109 399 432 586 435 104 138 587 588 486 527 203 263 148 492 218 270 506 237 304 113 189 417 363 466 220 835 182 244 240 115 156 216 830 496 290 247 351 324 214 289 173 180 500 164 389 241 207 129 477 168 87 85 84 86 92 271 253 521 315 261 
479:4 502 310 268 451 585 109 399 432 586 435 104 138 587 588 486 527 203 263 148 492 218 270 506 237 304 113 189 417 363 466 220 835 182 244 240 115 156 216 830 496 290 247 351 324 214 289 173 180 500 164 389 241 207 129 477 168 87 85 84 86 92 271 253 521 56 261 
479:1 502 310 268 451 585 109 399 432 586 435 104 138 587 588 486 527 203 263 148 492 218 270 506 237 304 113 189 417 363 466 220 835 182 244 240 115 156 216 830 496 290 247 351 324 214 289 173 180 500 164 389 241 207 129 477 168 87 85 84 86 92 271 253 521 261 437 
479:5 502 310 268 451 585 109 399 432 586 435 104 138 587 588 486 527 203 263 148 492 218 270 506 237 304 113 189 417 363 466 220 835 182 244 240 115 156 216 830 496 290 247 351 324 214 289 173 180 500 164 389 241 207 129 477 168 87 85 84 86 92 271 253 521 403 261 
479:3 502 310 268 451 585 109 399 432 586 435 104 138 587 588 486 527 203 263 148 492 218 270 506 237 304 113 189 417 363 466 220 835 182 244 240 115 156 216 830 496 290 247 351 324 214 289 173 180 500 164 389 241 207 129 477 168 87 85 84 86 92 271 253 521 437 59 261 
480:0 512 502 133 226 347 451 585 93 563 104 564 409 138 227 203 412 823 326 263 7 175 148 374 492 218 248 202 416 447 29 215 270 237 63 8 286 231 282 636 113 277 478 262 118 189 417 363 579 602 182 60 94 427 244 473 240 278 115 156 216 272 496 219 201 290 247 351 324 285 214 173 76 446 500 164 241 207 129 477 87 85 9 86 92 161 271 433 369 352 472 281 428 
481:0 512 502 226 59 347 451 204 585 93 383 563 104 564 409 138 227 203 412 823 326 263 7 148 260 374 218 248 416 447 29 361 270 237 63 58 8 286 231 282 636 113 381 277 478 118 189 417 363 579 602 182 60 94 427 244 473 240 278 115 156 216 272 496 219 201 290 247 351 324 285 214 173 446 500 164 241 207 129 477 87 85 9 86 92 161 271 433 369 352 472 428 
482:0 512 502 372 226 347 451 585 93 563 197 104 564 409 138 227 203 412 823 153 326 263 126 7 53 148 374 218 248 416 447 29 270 237 63 8 286 510 231 282 636 387 113 277 478 118 189 417 363 371 579 602 182 60 94 427 244 473 240 278 115 156 216 272 496 219 201 290 120 247 351 324 285 214 173 446 500 164 241 207 129 269 477 87 85 9 86 259 92 161 271 433 253 369 352 472 428 
483:0 332 246 396 59 776 34 784 280 339 523 585 15 104 434 225 337 406 525 414 89 497 203 263 126 53 148 430 218 210 416 356 29 377 484 237 468 63 304 58 510 334 442 231 393 368 232 189 363 200 315 408 182 244 240 156 216 46 157 249 317 496 219 201 825 184 290 421 351 163 214 173 446 796 666 444 70 164 241 207 129 87 85 86 92 433 239 459 
484:0 332 246 392 401 396 419 59 776 34 784 280 362 339 523 585 15 291 104 434 225 337 406 525 840 414 89 497 203 263 126 53 374 411 264 218 210 416 356 258 29 377 484 237 468 56 63 304 58 510 668 189 363 200 408 182 244 240 156 216 46 157 249 317 496 219 201 825 184 290 421 351 163 214 173 460 666 444 70 164 241 57 207 129 87 85 86 92 433 239 352 250 
485:0 246 213 776 34 450 523 833 445 585 242 399 91 104 406 414 89 203 284 153 263 126 424 83 488 53 430 218 416 29 535 257 484 237 63 510 334 442 436 43 463 232 319 189 363 267 315 371 182 156 216 46 431 157 249 317 496 184 841 290 120 214 173 76 446 796 824 666 444 70 164 241 207 269 259 92 253 261 
486:0 332 246 419 335 776 34 280 523 585 109 462 643 146 104 409 414 89 203 263 7 374 411 264 193 218 416 356 359 29 535 484 237 624 63 8 196 442 282 25 5 189 363 267 371 1 602 182 244 240 156 514 216 279 431 397 157 249 317 496 219 290 351 214 479 173 23 666 444 70 164 241 276 207 831 87 85 9 86 92 469 428 
487:0 332 314 246 401 396 34 784 664 523 347 451 585 15 399 432 194 104 434 225 337 406 525 138 840 414 89 497 203 412 263 19 218 210 416 356 29 377 506 237 468 63 304 196 442 231 277 189 363 466 200 220 371 578 835 182 94 244 240 156 216 46 431 249 496 219 184 290 247 421 467 425 351 318 163 214 173 180 211 444 70 164 241 207 129 366 477 87 85 86 92 239 261 
488:0 502 213 62 34 347 445 451 585 93 104 138 203 412 823 263 148 218 210 248 416 447 356 385 270 237 63 58 196 113 461 277 478 54 572 236 189 363 384 182 60 94 427 375 244 473 240 278 115 156 216 496 219 290 247 324 285 163 214 173 76 500 164 241 207 129 477 86 92 271 433 428 
489:0 151 246 392 59 340 362 145 61 204 585 343 563 291 104 203 263 374 218 447 258 215 270 237 58 196 282 387 668 189 363 182 244 240 156 216 496 219 503 290 324 214 173 164 48 57 207 129 92 253 369 127 352 346 250 
490:0 151 246 392 59 340 362 145 61 347 204 585 343 563 291 104 203 412 263 148 374 218 416 447 258 215 391 270 237 63 58 196 282 387 113 668 189 363 182 94 244 240 115 156 216 496 219 503 290 247 324 285 214 173 164 48 57 207 129 294 92 253 369 127 352 346 250 
491:0 332 59 280 347 451 585 15 399 464 50 104 409 138 373 203 263 185 148 374 411 264 492 218 416 114 29 237 63 95 58 196 510 282 387 189 417 363 171 101 466 371 578 398 602 182 94 244 228 98 240 156 514 216 431 157 249 317 496 290 247 421 351 214 188 555 289 173 460 180 70 164 389 241 207 129 14 269 168 634 87 85 86 259 92 271 472 404 261 459 
492:0 314 403 312 331 609 585 343 563 111 104 414 283 203 412 263 148 218 202 416 447 320 74 29 361 237 63 636 387 437 73 381 345 189 363 267 466 182 94 244 98 156 216 496 219 290 402 465 214 173 76 164 241 207 186 230 129 14 235 366 92 388 428 
493:0 332 246 401 419 307 59 280 362 523 331 347 451 585 322 15 399 432 291 104 434 337 406 138 414 89 497 203 412 245 263 126 53 148 430 19 411 218 210 248 202 416 447 356 258 29 257 237 468 308 63 304 58 196 510 334 442 231 449 636 387 113 668 277 189 363 466 200 315 371 195 398 182 94 244 473 386 511 240 105 278 115 287 156 514 216 46 431 157 249 317 496 219 201 290 69 247 421 467 351 324 318 214 188 555 173 76 460 446 444 70 164 241 57 207 129 14 366 477 87 85 86 92 271 433 239 127 352 250 526 404 428 261 459 
494:0 226 299 551 550 340 280 609 451 585 93 563 38 104 373 227 203 412 823 263 515 126 7 83 481 488 53 394 148 374 411 116 218 559 558 248 416 549 447 385 29 257 270 237 63 510 517 636 387 113 277 25 5 573 315 384 602 182 94 244 473 98 156 216 179 249 272 496 219 841 545 290 247 351 324 285 214 173 76 660 500 164 241 207 129 269 477 87 85 9 86 92 271 433 253 369 557 528 526 428 261 
495:0 332 401 312 213 20 347 445 489 585 15 432 104 412 263 148 218 380 202 137 447 520 593 74 237 231 282 348 437 536 73 43 113 345 212 72 243 363 267 182 228 115 156 216 496 219 290 402 21 214 289 173 76 164 241 207 230 14 235 33 269 259 92 239 22 526 388 35 378 338 
496:0 332 401 213 20 347 489 585 15 432 104 412 263 148 218 380 202 447 520 74 237 231 282 348 437 536 73 43 113 72 267 182 115 156 216 496 219 290 402 21 214 289 173 76 164 241 207 14 235 33 269 259 92 22 526 388 35 378 137 212 228 230 239 243 312 338 345 363 445 593 
497:0 332 401 213 20 664 347 489 585 15 432 104 406 525 412 263 148 338 218 380 202 416 447 520 74 237 610 63 231 282 348 437 536 73 43 113 72 267 200 182 115 156 216 249 496 219 290 402 21 214 289 173 76 70 164 241 207 14 235 33 269 259 92 22 526 388 35 378 137 212 228 230 239 243 312 345 363 445 593 
498:0 372 213 34 659 585 343 174 111 104 497 52 283 263 126 519 488 53 394 218 447 360 457 535 257 484 270 237 510 231 222 316 315 182 156 216 46 249 317 205 496 290 214 123 173 76 666 70 164 389 241 276 207 33 39 36 269 37 92 528 526 281 428 261 307 
499:0 292 372 213 280 523 585 343 111 104 497 52 283 263 126 519 7 488 53 394 374 411 264 218 447 360 457 535 257 270 237 510 231 67 490 316 315 398 602 182 156 216 46 157 249 317 205 496 290 214 123 173 76 666 444 70 164 241 276 207 33 39 36 269 9 92 528 526 428 34 37 174 222 261 281 307 389 484 659 
500:0 292 372 213 307 335 280 339 523 585 343 111 104 89 497 52 283 263 126 519 7 488 53 394 374 411 264 218 416 447 360 359 457 535 257 270 237 610 63 510 442 231 67 490 316 315 398 602 182 156 216 46 157 249 317 205 496 503 290 214 479 123 173 76 666 444 70 164 241 276 207 33 39 36 269 9 92 528 526 428 34 37 174 222 261 281 389 484 659 
501:0 332 403 453 401 372 213 59 362 585 383 343 15 197 91 291 104 227 263 206 374 116 218 210 447 258 270 237 56 58 196 231 400 182 240 534 156 514 216 279 249 496 533 503 103 290 214 173 164 57 207 14 33 39 269 92 376 127 55 518 352 346 526 404 308 
502:0 332 453 401 213 59 585 343 15 91 291 104 227 263 206 374 116 218 210 447 258 270 237 56 58 196 231 182 240 534 156 514 216 279 249 496 503 290 214 173 164 57 207 14 33 39 269 92 127 55 518 352 346 526 404 103 197 308 362 372 376 383 400 403 533 
503:0 332 453 401 213 59 335 585 343 15 91 291 104 525 227 263 206 374 116 218 210 416 447 258 270 237 610 308 56 63 58 196 231 282 668 224 182 240 534 156 514 216 279 249 496 503 290 163 214 661 173 70 164 276 57 207 14 33 39 269 92 127 55 518 352 346 526 404 103 197 362 372 376 383 400 403 533 
504:0 495 401 372 213 226 117 44 331 585 343 242 15 197 91 104 283 263 175 374 116 193 218 447 441 270 237 158 95 231 636 387 43 67 212 417 182 228 240 156 514 216 279 496 28 103 290 402 247 351 21 214 173 164 241 162 207 14 33 671 85 92 526 428 
505:0 495 401 213 226 117 44 585 109 343 242 15 197 91 104 138 283 263 7 53 148 374 411 116 264 218 416 447 441 270 237 63 158 95 8 231 282 636 387 43 113 67 212 417 602 182 244 240 156 514 216 249 603 496 28 290 402 247 351 324 21 214 173 666 70 164 241 162 207 14 33 87 85 9 86 92 526 428 103 175 193 228 279 331 372 671 
506:0 332 495 213 560 44 204 585 343 242 91 104 203 263 424 218 416 270 237 336 304 423 387 43 122 189 316 371 579 182 665 228 240 156 514 216 179 46 249 317 496 28 290 247 351 214 555 173 164 241 207 33 36 85 422 86 92 253 528 526 281 
507:0 332 495 213 560 44 204 585 343 242 91 104 203 263 424 218 416 270 237 304 423 387 43 316 371 579 182 665 240 156 514 216 179 46 249 317 496 290 247 351 214 555 173 70 164 241 57 207 33 36 85 422 86 92 253 528 526 28 122 189 228 281 336 
508:0 332 495 213 560 44 204 585 343 242 91 104 203 263 424 218 416 270 237 63 304 423 442 387 43 316 371 579 182 665 240 156 514 216 179 46 249 317 496 290 247 351 214 555 173 666 70 164 241 276 57 207 33 36 87 85 422 86 92 253 528 526 28 122 189 228 281 336 
509:0 332 274 372 213 226 445 204 585 383 343 15 399 104 138 497 373 227 203 263 252 313 185 492 218 154 447 45 441 237 468 304 231 282 834 417 400 371 6 579 182 244 228 98 240 156 216 272 496 28 10 103 290 402 247 421 163 214 555 289 173 180 164 389 241 207 129 269 168 86 259 92 271 369 281 
510:0 332 274 372 213 226 833 204 585 343 15 399 104 138 497 373 227 203 263 252 313 492 218 154 416 447 45 441 237 468 63 304 231 282 636 834 417 400 371 6 579 182 427 244 228 240 156 216 249 272 496 28 10 103 290 402 247 421 832 163 214 555 289 173 180 164 389 241 207 129 269 168 634 86 259 92 271 369 185 281 383 445 98 
511:0 512 310 213 44 331 585 343 242 15 91 586 104 283 412 263 148 374 264 218 154 380 202 447 520 320 441 270 237 468 231 282 437 73 43 122 67 490 345 417 363 267 371 580 182 278 156 216 249 317 272 496 10 290 402 421 214 173 76 604 164 241 207 235 269 168 321 259 92 253 22 526 388 
512:0 512 213 280 585 343 15 91 104 283 412 263 148 374 411 264 218 154 380 202 416 447 520 441 270 237 468 63 231 282 43 122 67 490 267 371 602 182 278 156 216 157 249 317 272 496 290 402 421 214 173 76 164 241 276 207 235 269 168 634 259 92 253 526 388 10 22 44 73 242 310 320 321 331 345 363 417 437 580 586 604 
513:0 512 133 310 213 584 44 585 343 242 15 91 586 104 283 263 126 519 7 83 481 488 53 394 374 264 218 154 380 447 441 257 270 237 468 510 231 282 43 122 67 490 417 363 315 371 580 182 278 156 216 249 317 272 496 10 290 421 214 173 76 164 241 207 269 168 321 259 92 253 526 281 261 
514:0 512 213 280 585 343 15 91 104 283 263 126 519 7 481 488 53 374 411 264 218 154 380 416 447 441 257 270 237 468 63 510 231 282 43 122 67 490 315 371 602 182 278 156 216 157 249 317 272 496 290 421 214 173 76 164 241 276 207 269 168 634 259 92 253 526 10 44 83 133 242 261 281 310 321 363 394 417 580 584 586 
515:0 512 392 401 310 213 44 59 362 585 343 242 15 91 586 291 104 283 263 374 264 218 154 380 447 441 258 270 237 468 56 58 8 196 231 282 43 122 67 490 300 417 363 371 580 182 240 278 156 216 249 317 272 496 503 10 290 421 214 173 164 57 207 269 168 321 259 92 253 127 55 518 352 346 526 
516:0 512 401 213 59 280 585 343 15 91 291 104 283 263 374 411 264 218 154 380 416 447 441 258 270 237 468 63 58 8 196 231 282 43 122 67 490 371 602 182 240 278 156 216 157 249 317 272 496 503 290 421 214 173 164 276 57 207 269 168 634 259 92 253 127 518 352 526 10 44 55 56 242 300 310 321 346 362 363 392 417 580 586 
517:0 495 502 133 213 112 226 347 451 585 174 563 111 104 138 203 412 823 263 148 218 248 356 385 360 215 361 270 237 95 286 113 381 277 572 236 171 220 384 182 60 94 244 473 149 240 115 156 216 157 317 496 219 290 247 351 324 285 214 173 49 500 164 207 129 485 477 86 259 92 271 433 472 388 281 428 
518:0 495 502 133 213 347 451 585 563 111 104 138 203 412 823 263 148 218 248 416 356 385 360 215 270 237 63 95 286 113 381 277 828 572 236 220 384 182 60 94 633 244 473 240 115 156 216 157 317 496 219 290 247 351 324 285 214 173 500 164 207 129 477 86 259 92 271 433 472 388 281 428 49 112 149 171 174 226 361 485 
519:0 332 97 314 403 213 516 585 432 197 104 840 497 203 263 297 19 116 218 45 16 257 237 95 43 381 234 400 365 182 98 240 13 156 216 355 496 290 143 214 173 211 164 241 207 129 366 269 92 253 369 273 526 
520:0 332 97 314 403 213 585 432 197 104 840 497 203 263 297 19 116 218 45 16 257 237 43 365 182 98 240 13 156 216 355 496 290 143 214 173 211 164 241 207 129 366 269 92 253 369 526 95 234 273 381 400 516 
521:0 332 97 314 403 213 413 585 432 197 104 840 497 203 263 297 19 116 218 416 45 16 257 237 542 63 43 365 182 244 98 240 13 156 216 355 496 290 143 214 173 211 164 241 207 129 366 269 92 253 369 526 95 234 273 381 400 516 
522:0 97 213 340 268 451 585 435 38 24 104 203 263 364 488 148 218 237 113 67 393 382 182 228 98 99 240 156 216 496 28 103 290 351 324 214 289 173 209 23 164 207 39 36 37 87 85 86 92 521 528 
523:0 97 502 213 340 268 451 585 435 104 263 488 148 218 416 237 63 594 636 113 67 393 315 182 228 98 240 156 216 249 496 290 351 324 214 289 173 209 23 164 207 39 37 87 85 86 92 521 528 24 28 36 38 99 103 203 364 382 
524:0 213 475 335 776 523 585 174 104 414 89 203 153 263 430 218 356 106 29 484 237 334 199 222 826 189 267 182 156 216 350 397 157 249 317 496 28 201 328 290 214 479 173 446 444 70 164 207 33 36 92 469 
525:0 213 335 776 523 585 174 104 414 89 203 153 263 430 218 356 106 29 484 237 334 826 189 267 408 182 156 216 350 397 157 249 317 496 28 201 328 290 214 479 173 446 666 444 70 164 207 33 92 36 199 222 469 475 
526:0 213 335 776 523 585 104 414 89 203 153 263 430 218 416 356 106 29 484 237 63 334 442 636 826 189 267 408 182 156 216 350 397 157 249 317 496 28 201 328 290 120 214 479 173 76 446 666 444 70 164 276 207 33 634 92 311 36 174 199 222 469 475 
527:0 512 332 495 314 403 502 133 372 213 226 347 445 451 204 585 93 432 104 138 840 373 283 203 412 823 263 313 148 260 19 218 248 202 16 360 531 257 270 237 286 282 113 277 417 316 365 182 94 427 375 244 473 240 115 156 216 355 496 219 290 247 351 324 493 285 214 173 660 211 500 164 162 48 207 129 485 366 269 477 168 86 259 92 271 433 253 369 607 428 
528:0 512 332 495 314 403 502 133 372 213 226 347 451 204 585 93 432 104 138 840 373 283 203 412 823 263 313 148 19 218 248 202 416 16 360 531 257 270 237 63 286 282 636 113 277 417 316 365 182 94 665 427 244 473 240 115 156 216 355 496 219 290 247 351 324 493 285 143 214 173 660 211 500 164 162 207 129 366 269 477 168 86 259 92 271 433 253 369 607 428 48 260 375 445 485 
529:0 332 213 280 523 585 306 15 91 104 529 414 89 203 263 90 374 218 154 237 624 468 334 232 319 341 189 300 398 182 229 156 216 431 157 249 317 496 201 328 841 10 290 421 130 163 214 188 173 446 70 66 164 207 14 92 404 
530:0 332 213 280 664 523 585 306 15 91 104 529 414 89 203 263 90 374 411 218 154 416 237 624 468 32 63 334 442 393 232 341 189 300 398 182 229 156 216 350 157 249 317 603 496 201 328 841 10 290 421 163 214 188 661 173 446 796 666 70 164 207 14 92 404 66 130 319 431 
531:0 495 502 133 213 560 516 59 34 347 451 585 343 563 91 586 38 3 104 564 409 138 497 227 203 494 263 126 7 53 148 374 264 218 416 447 356 45 215 361 505 270 237 63 304 58 8 196 510 231 282 636 387 791 113 67 381 277 25 5 599 220 580 1 602 217 182 94 244 473 240 115 287 156 514 216 272 496 219 290 247 324 493 285 214 289 173 76 666 164 241 57 207 186 36 477 634 87 85 9 86 92 433 253 528 273 526 281 428 
532:0 213 117 335 280 664 339 498 837 4 585 68 432 197 91 104 409 223 203 263 7 374 411 116 264 395 193 218 447 359 270 237 8 282 43 67 490 183 25 5 371 398 1 602 182 240 156 514 216 279 179 157 249 88 317 496 184 290 21 214 479 265 173 444 70 164 241 276 207 269 9 92 358 469 526 
533:0 213 117 335 280 664 339 498 370 837 585 91 104 409 223 203 263 7 374 411 116 264 218 447 359 270 237 624 8 282 43 67 490 183 25 5 371 398 1 602 182 240 156 514 216 279 179 157 249 88 317 496 184 290 21 214 479 173 444 70 164 241 276 207 269 9 92 358 526 4 68 193 197 265 395 469 432 
534:0 213 117 335 280 664 339 523 498 370 837 585 91 104 409 223 89 203 263 7 374 411 116 264 218 416 447 359 270 237 624 63 8 282 43 67 490 25 5 371 398 1 602 182 240 156 514 216 279 179 350 157 249 88 317 496 184 290 21 214 479 173 666 444 70 164 241 276 207 269 9 92 358 526 4 68 183 193 197 265 395 469 432 
535:0 51 495 392 213 340 145 61 585 104 414 497 283 203 263 175 218 45 258 237 56 304 196 571 54 426 330 341 189 300 182 240 287 156 216 496 503 103 290 214 188 482 173 164 48 57 207 92 253 607 352 311 
536:0 51 495 392 213 340 145 61 523 585 104 414 497 283 203 263 175 264 218 380 45 258 237 56 304 196 571 330 341 438 182 240 156 216 249 496 503 103 290 214 188 482 173 446 164 48 57 207 92 253 607 352 311 54 287 300 426 189 
537:0 51 495 392 213 340 280 145 61 523 585 91 291 104 409 414 89 497 283 203 263 175 374 411 264 218 380 416 447 45 258 237 56 63 304 8 196 571 282 668 67 25 5 330 341 371 398 602 438 182 240 156 216 157 249 317 496 503 103 290 214 188 482 173 446 666 70 164 48 57 207 92 253 607 474 352 311 54 287 300 426 189 
538:0 213 117 20 335 34 280 339 523 509 837 585 91 104 89 203 263 7 374 411 116 264 218 416 447 270 237 8 282 636 43 67 490 598 25 5 220 371 398 602 182 240 156 514 216 279 179 157 249 317 496 184 290 69 214 173 666 444 480 70 164 241 276 207 269 9 92 233 469 526 428 
539:0 213 117 335 280 339 523 370 837 585 68 91 24 104 530 89 203 263 7 374 411 116 264 218 416 447 270 237 8 2 282 636 43 67 490 25 5 220 371 398 602 182 501 240 156 514 216 279 179 157 249 317 496 184 290 214 173 444 70 164 241 276 207 269 634 9 92 526 428 
540:0 97 403 213 226 450 405 347 293 585 15 104 138 527 203 412 263 175 148 218 202 447 593 237 334 113 277 382 170 267 371 182 75 13 156 216 496 219 103 290 402 324 318 214 173 76 605 81 522 164 241 207 235 33 92 388 
541:0 213 450 347 585 15 104 138 527 412 263 148 218 202 447 320 237 334 113 277 267 371 182 75 156 216 496 219 290 402 324 214 173 76 81 522 164 241 207 235 33 92 388 13 97 103 170 175 203 226 293 318 382 403 405 593 605 
542:0 332 213 450 347 585 15 104 138 527 412 494 263 206 591 148 218 202 416 447 215 270 237 468 63 334 282 636 348 437 113 277 267 371 398 182 75 115 156 514 216 496 219 290 402 421 324 163 214 173 76 211 81 522 164 241 207 14 235 33 634 92 388 404 13 97 103 170 175 203 226 293 318 320 382 403 405 593 605 
543:0 97 213 44 450 585 111 38 104 283 203 263 218 210 360 506 237 571 334 371 42 398 40 342 182 228 156 216 431 249 205 496 103 290 324 832 214 188 173 76 191 537 824 522 164 241 207 36 92 390 41 607 474 
544:0 97 213 450 585 111 38 104 283 203 263 218 360 506 237 571 334 371 42 398 40 342 182 228 156 216 431 249 205 496 103 290 324 832 214 188 173 76 191 537 824 522 164 241 207 36 92 390 607 474 41 
545:0 97 401 372 213 226 450 523 585 440 15 111 91 38 104 89 283 203 263 218 416 360 506 237 63 571 334 231 224 371 42 398 40 342 182 228 156 216 431 157 249 317 205 496 103 290 324 832 214 188 661 289 173 76 191 537 824 666 70 522 164 241 276 207 14 36 634 92 390 607 474 404 41 
546:0 71 213 251 445 204 585 538 178 343 563 432 104 138 227 283 203 412 263 565 313 148 218 202 447 320 829 593 74 270 237 282 73 72 262 599 363 267 77 182 75 156 216 496 219 290 402 214 173 76 78 164 241 207 129 415 366 269 321 92 388 
547:0 71 213 251 204 585 538 178 343 563 432 104 138 227 283 203 412 263 565 313 148 374 218 202 416 447 829 593 74 16 270 237 542 63 282 73 113 72 262 599 572 267 579 77 182 94 75 156 216 496 219 290 402 247 214 173 76 78 164 241 207 129 366 269 168 92 433 369 388 320 321 363 415 445 
548:0 71 495 312 213 117 204 585 343 15 104 138 227 203 412 494 263 148 218 202 447 320 829 74 215 361 270 237 275 636 437 73 345 72 363 267 654 182 156 216 496 219 290 402 79 214 173 76 78 164 241 207 230 235 92 388 
549:0 71 495 312 213 204 585 343 15 104 138 227 203 412 494 263 148 218 202 416 447 829 593 74 215 270 237 63 636 348 437 73 113 345 72 267 570 80 654 182 483 156 216 272 496 219 290 402 79 214 173 76 630 78 164 241 207 14 235 298 92 388 117 230 275 320 361 363 
550:0 97 453 401 372 213 44 340 362 61 498 585 242 15 291 38 104 283 203 263 515 175 838 218 258 29 457 237 56 58 423 196 668 330 341 182 665 99 240 156 216 279 179 496 503 825 184 290 214 173 487 164 276 57 207 129 33 39 36 269 37 92 253 127 55 250 428 
550:1 97 453 401 372 213 44 340 362 61 498 585 242 15 291 38 104 283 203 263 515 175 838 218 258 29 457 237 56 58 423 196 668 330 341 182 665 99 240 156 216 279 179 496 503 825 184 290 214 173 487 164 276 57 207 129 33 39 36 269 37 92 253 127 55 250 428 
551:0 401 372 213 251 44 523 585 68 242 15 399 91 38 104 414 89 373 203 263 424 116 492 218 237 468 510 231 834 43 212 382 189 371 658 182 228 99 156 514 216 46 431 157 317 496 28 201 328 184 841 290 832 214 188 555 289 173 180 446 444 164 207 269 168 37 422 259 92 253 
552:0 401 372 213 251 44 280 664 523 585 242 15 399 91 104 414 89 373 203 263 424 374 116 264 492 218 447 237 468 510 231 282 834 43 67 490 25 5 189 371 658 602 182 99 156 514 216 279 46 157 249 317 496 28 201 328 184 841 290 421 832 214 188 555 289 173 180 446 666 444 70 164 207 269 168 37 422 259 92 253 38 68 212 228 382 431 
553:0 332 401 372 213 251 44 335 34 280 664 339 523 370 585 68 242 15 643 399 91 104 337 406 525 414 89 373 203 263 424 374 411 116 264 492 218 416 447 237 624 468 63 510 231 282 834 43 67 490 212 25 5 189 200 371 658 602 182 99 156 514 216 279 46 157 249 317 496 28 201 328 825 184 841 290 421 832 214 188 479 555 289 173 180 446 666 444 70 164 276 207 269 168 37 634 422 259 92 253 38 228 382 431 
554:0 213 187 44 280 585 91 104 52 227 283 203 326 263 126 424 7 83 488 53 172 394 374 116 264 218 447 360 359 29 257 237 510 25 5 315 602 182 99 156 216 46 157 249 317 205 496 290 214 289 173 76 70 164 241 276 207 33 36 269 168 37 92 253 369 526 281 428 261 
554:1 213 419 187 44 59 280 91 227 203 263 126 424 7 83 53 172 394 374 116 264 568 447 360 359 29 257 58 423 8 510 25 5 315 181 602 182 156 157 317 496 214 173 76 164 241 276 33 36 269 168 37 253 369 526 281 428 261 
555:0 213 187 44 776 34 280 339 523 833 585 91 104 89 52 227 283 203 823 263 126 424 7 83 488 53 394 374 411 116 264 218 248 416 447 385 360 359 29 257 237 63 510 334 442 636 834 25 5 573 315 371 384 602 182 94 99 156 216 179 46 157 249 317 205 496 290 214 479 289 173 76 444 70 164 241 276 207 33 269 168 37 259 92 271 253 369 526 428 36 172 261 281 326 
555:1 213 187 44 776 34 280 339 523 833 585 91 104 89 52 227 283 203 823 263 126 424 7 83 488 53 394 374 411 116 264 218 248 416 447 385 360 359 29 257 237 63 510 334 442 636 834 25 5 573 315 371 384 602 182 94 99 156 216 179 46 157 249 317 205 496 290 214 479 289 173 76 444 70 164 241 276 207 33 269 168 37 259 92 271 253 369 526 428 261 
555:2 213 419 187 44 59 776 34 280 339 523 833 91 89 227 203 263 126 424 7 83 53 394 374 411 116 416 447 360 29 257 63 58 423 8 556 334 442 834 25 5 315 371 181 182 94 156 179 157 317 496 214 173 76 444 164 241 276 33 269 168 37 253 369 526 428 36 172 264 281 359 510 568 602 261 
555:3 213 419 187 44 59 776 34 280 339 523 833 91 89 227 203 263 126 424 7 83 53 394 374 411 116 416 447 360 29 257 63 58 423 8 556 334 442 834 25 5 315 371 181 182 94 156 179 157 317 496 214 173 76 444 164 241 276 33 269 168 37 253 369 526 428 261 
556:0 71 367 332 495 372 213 340 331 585 538 178 104 409 283 203 412 263 218 202 447 320 829 593 74 270 237 304 275 282 437 73 72 267 302 64 570 80 42 398 182 240 156 216 496 219 103 290 402 214 173 76 191 604 164 389 241 207 230 235 634 92 253 311 452 388 
557:0 332 213 335 450 523 585 68 174 15 91 104 89 203 263 185 175 218 210 237 468 334 282 267 400 398 182 156 216 350 397 157 249 317 439 603 496 28 201 328 290 421 504 832 163 214 479 173 76 191 446 444 70 522 164 207 14 92 469 110 404 
558:0 332 213 335 776 450 523 585 68 15 91 104 89 203 263 185 175 218 210 416 484 237 468 63 334 282 826 267 400 398 182 156 216 350 397 157 249 317 439 496 28 201 328 290 421 504 832 163 214 479 173 76 630 191 446 666 444 70 522 164 207 14 92 110 404 174 469 603 
559:0 491 133 372 213 251 280 339 498 837 585 68 242 399 197 91 104 337 349 406 525 409 530 203 263 252 313 185 7 374 411 264 492 218 447 29 457 237 8 510 334 442 231 282 834 43 67 490 25 5 371 398 602 182 501 240 156 514 216 279 46 431 157 249 317 496 28 184 290 214 188 479 555 289 173 180 444 70 164 241 162 207 269 168 9 259 92 526 428 136 
560:0 133 372 213 251 280 339 498 370 837 585 242 399 91 104 337 349 406 525 409 530 203 263 313 185 7 374 411 264 492 218 416 447 29 457 237 63 8 510 334 442 231 282 834 43 67 490 25 5 200 371 398 602 182 240 156 514 216 279 46 431 157 249 317 496 28 184 290 214 188 479 555 289 173 180 444 70 164 241 162 207 269 168 634 9 259 92 526 428 68 136 197 252 491 501 1 34 36 76 85 94 103 120 124 139 153 191 202 220 232 254 256 278 350 390 402 440 441 474 482 499 584 607 666 776 
561:0 332 314 403 246 213 347 451 585 93 322 399 563 432 104 138 840 203 412 823 263 148 430 19 218 248 416 356 16 257 237 63 95 58 196 286 113 277 478 357 119 365 384 182 60 94 427 375 244 473 149 240 115 156 216 355 496 219 290 247 351 324 285 143 214 479 173 76 660 211 500 164 207 129 485 366 477 168 86 92 271 433 18 428 
562:0 495 502 310 213 335 347 585 562 174 399 194 50 104 138 373 203 412 263 313 148 218 288 470 114 377 506 237 286 571 334 282 277 212 262 417 171 101 466 220 371 835 471 182 94 244 240 156 216 272 496 219 290 247 351 285 214 289 173 180 164 207 477 168 92 390 271 433 472 428 261 
562:1 502 310 213 664 347 562 174 399 194 50 414 89 203 412 263 313 470 114 506 286 334 212 262 417 101 371 835 471 182 94 240 156 157 317 496 219 201 247 285 21 214 173 164 168 390 271 433 472 428 261 
563:0 495 502 310 213 335 776 347 585 562 174 399 194 50 104 138 373 203 412 263 313 148 218 416 447 288 470 385 114 506 237 63 286 571 334 282 277 212 417 101 466 220 371 578 835 471 384 182 94 244 240 156 216 279 272 496 219 184 290 247 421 351 285 214 289 173 180 164 207 477 168 92 390 271 433 472 428 171 261 262 377 
867:0 502 133 310 213 776 664 523 347 562 174 399 194 50 406 414 89 203 412 263 313 416 447 470 385 114 506 63 286 334 212 417 101 371 578 835 471 384 182 94 240 156 279 350 157 317 496 219 201 328 184 247 421 285 21 214 173 446 444 164 269 168 390 271 433 472 428 262 261 
564:0 246 453 401 213 117 44 59 335 34 362 523 585 242 174 91 291 104 414 89 203 263 175 218 385 237 56 58 196 334 231 282 668 826 330 341 182 240 156 216 350 397 157 249 88 317 205 496 201 503 290 504 21 214 479 173 446 444 70 164 57 207 92 127 55 352 250 469 110 428 
565:0 246 453 401 213 117 44 59 335 34 362 523 585 242 174 91 291 104 414 89 203 263 411 218 416 385 237 56 63 58 196 334 442 231 282 668 67 826 330 341 182 240 534 156 216 350 397 157 249 317 205 496 201 503 290 504 214 479 173 446 444 70 164 276 57 207 92 127 55 352 250 469 110 428 21 88 175 
566:0 512 332 97 502 246 401 372 213 44 340 523 585 242 15 432 91 104 225 337 406 840 414 89 283 203 263 218 457 257 237 468 334 231 282 834 43 826 365 182 98 501 156 216 46 350 397 157 249 88 317 355 496 201 184 290 421 214 479 173 446 211 444 164 207 129 415 366 269 37 259 92 253 369 17 428 
567:0 512 332 97 403 502 246 401 372 213 340 523 585 242 15 432 91 104 225 337 406 525 840 414 89 283 203 263 19 411 218 416 257 237 468 63 334 231 282 834 43 826 200 365 182 98 501 156 216 46 350 397 157 249 88 317 355 496 201 184 290 421 143 214 479 173 446 211 444 164 207 129 366 269 37 259 92 253 369 17 428 44 415 457 
568:0 491 133 213 475 584 499 585 836 174 399 3 104 409 203 153 263 218 202 441 114 237 571 300 220 371 139 1 182 240 278 156 216 350 205 496 28 290 402 120 214 124 188 482 173 191 180 254 164 241 207 256 36 168 92 390 607 474 
569:0 491 133 213 584 776 34 499 585 836 440 399 3 104 409 203 153 263 374 411 218 202 416 441 237 63 571 232 220 371 139 1 182 94 240 278 156 216 350 397 496 103 290 402 120 214 124 188 482 479 173 76 191 180 254 666 164 241 207 256 36 168 85 92 390 607 474 28 114 174 205 300 475 
570:0 332 97 372 213 340 833 347 445 585 383 68 343 15 399 197 91 104 373 203 326 263 313 185 374 492 218 154 447 506 237 468 304 286 510 282 834 43 262 417 539 371 182 244 386 228 240 156 514 216 279 46 496 184 10 290 247 832 214 188 555 289 173 180 164 389 241 207 129 14 269 168 259 92 271 253 369 
571:0 332 97 372 213 340 833 347 585 343 15 399 91 104 373 227 203 263 313 185 53 374 411 492 218 154 416 447 506 237 468 63 304 286 510 282 636 834 43 67 490 25 5 417 539 400 371 182 244 386 228 240 156 514 216 279 46 249 496 184 10 290 247 421 832 214 188 555 289 173 180 164 389 241 207 129 14 269 168 634 259 92 271 253 369 68 197 262 326 383 445 
572:0 495 401 213 560 347 445 204 585 343 563 91 3 104 497 227 203 263 313 175 374 218 447 45 441 270 237 304 231 282 387 189 579 1 182 240 156 514 216 496 219 290 402 351 47 21 214 173 164 241 207 129 541 39 168 85 86 321 92 839 253 369 358 526 
573:0 495 401 213 560 331 347 204 585 343 563 91 104 497 227 203 263 313 374 411 218 416 447 441 270 237 63 304 231 282 636 387 113 579 1 182 240 156 514 216 350 496 219 290 402 351 47 21 214 173 164 241 207 129 541 168 87 85 86 321 92 839 253 369 526 3 39 45 175 189 358 445 
574:0 502 213 347 445 451 204 585 93 343 399 3 104 138 373 203 412 823 263 252 313 185 148 260 374 492 218 248 447 356 385 215 377 505 270 237 95 113 277 478 212 357 243 417 371 580 1 182 60 94 244 473 240 278 115 156 216 157 317 272 496 219 290 247 351 324 285 214 289 173 500 164 207 269 477 168 85 86 321 259 92 271 433 253 428 
575:0 502 213 347 451 204 585 93 343 399 3 104 138 373 203 412 823 263 313 185 148 260 374 492 218 248 447 356 385 215 377 270 237 95 286 113 277 478 243 417 371 580 1 182 60 94 244 473 240 278 115 156 216 157 317 272 496 219 290 247 351 324 285 214 289 173 500 164 207 269 477 168 85 86 321 259 92 271 433 253 428 212 357 445 505 252 
576:0 502 213 280 347 451 204 585 93 322 343 399 3 104 138 373 203 412 823 263 313 185 148 260 374 492 218 248 416 447 356 385 215 377 270 237 63 95 286 636 113 490 277 478 417 371 580 1 602 182 60 94 244 473 240 278 115 156 216 157 317 272 496 219 290 247 351 324 285 214 289 173 500 164 207 269 477 168 85 86 321 259 92 271 433 253 428 212 243 357 445 505 252 
577:0 151 495 502 310 213 347 204 585 109 93 104 138 373 227 283 203 412 823 153 263 148 430 218 248 356 385 360 377 270 237 286 571 334 113 277 101 220 384 182 60 94 633 244 473 149 240 105 115 156 216 157 317 272 205 496 219 290 247 351 324 285 214 289 173 824 500 164 207 477 87 86 92 271 433 472 428 
578:0 495 502 213 347 204 585 93 104 138 373 227 283 203 412 823 153 263 148 430 218 248 356 385 360 377 270 237 286 571 334 113 277 220 384 182 60 94 633 244 473 149 240 105 115 156 216 157 317 272 205 496 219 290 247 351 324 285 214 289 173 824 500 164 207 477 87 86 92 271 433 472 428 101 109 151 310 
579:0 495 502 213 347 204 585 93 146 104 409 138 373 227 283 203 412 823 153 263 7 148 430 374 411 264 218 248 416 447 356 385 360 359 377 270 237 63 8 286 571 334 282 636 113 277 5 220 384 602 182 60 94 633 244 473 149 240 105 115 156 216 157 249 317 272 205 496 219 290 247 351 324 285 214 289 173 824 500 70 164 276 207 477 87 9 86 92 271 433 472 428 101 109 151 310 
580:0 332 314 403 453 392 213 413 362 61 585 432 291 104 283 263 297 19 218 16 258 237 542 58 196 668 381 382 119 300 365 182 240 156 216 355 496 503 290 214 173 211 164 57 207 366 92 253 55 352 346 17 
581:0 332 403 392 213 413 61 585 432 291 104 283 263 297 19 218 416 258 237 542 63 58 196 668 365 182 240 156 216 355 496 503 290 143 214 173 211 164 57 207 366 92 253 55 352 346 17 16 119 300 314 362 381 382 453 
582:0 151 502 310 213 635 475 419 59 585 104 203 153 263 430 524 218 258 106 237 304 58 420 556 333 196 286 334 113 277 393 243 429 54 363 181 182 240 156 216 496 290 120 329 324 214 173 164 207 269 92 253 352 
583:0 151 502 310 213 419 59 585 104 203 153 263 430 524 218 258 106 237 304 58 420 333 196 286 334 113 277 393 243 429 54 182 240 156 216 496 290 120 329 324 214 173 164 207 269 92 253 352 181 363 475 556 635 
584:0 151 502 310 213 419 251 59 585 104 203 153 263 430 568 524 218 416 258 106 237 63 304 58 556 333 196 286 334 113 277 393 243 429 54 182 240 156 216 496 290 120 329 324 214 173 164 207 269 92 253 352 311 181 363 420 475 635 
585:0 97 312 213 226 340 293 204 585 38 24 104 497 412 263 313 185 148 218 202 447 320 45 29 237 26 387 73 113 363 267 316 182 240 156 514 216 496 219 28 290 402 247 214 173 76 164 241 207 235 33 36 86 92 528 526 388 
586:0 312 213 340 293 204 585 15 38 24 104 497 412 263 185 148 218 202 416 447 45 237 532 63 26 387 73 113 224 267 182 240 156 514 216 249 496 219 28 290 402 247 214 173 76 666 164 241 207 14 235 33 36 86 92 528 526 388 29 97 226 313 316 320 363 
587:0 512 332 97 403 310 213 226 268 451 204 585 343 15 432 435 104 840 587 486 527 227 203 412 263 148 374 218 270 237 594 231 282 387 113 575 182 228 98 240 156 216 830 355 496 290 351 324 214 173 76 209 660 164 207 129 39 366 269 87 85 84 86 321 92 369 521 528 
588:0 491 332 213 450 405 585 68 15 38 104 529 227 203 412 263 206 185 175 218 31 210 202 29 237 30 571 334 282 43 224 400 64 398 182 228 240 156 216 496 184 103 290 324 163 214 173 522 164 207 14 36 92 404 
589:0 491 332 97 213 664 450 405 370 585 15 38 104 529 227 203 412 263 206 591 175 411 218 31 210 202 416 29 237 63 571 334 442 282 636 43 224 368 64 398 182 501 240 534 156 216 279 179 249 496 184 103 290 324 163 214 661 173 796 522 164 207 14 36 269 92 41 404 30 68 185 228 400 
590:0 71 495 310 213 117 34 499 585 111 104 203 412 263 185 148 492 218 380 202 447 74 237 275 72 267 371 77 654 182 476 240 156 216 205 496 290 402 214 188 173 76 147 78 164 241 207 230 235 92 474 388 
591:0 71 495 310 213 117 34 499 585 104 203 412 263 185 148 492 218 380 202 416 447 593 74 506 237 63 275 72 267 371 654 182 476 240 156 216 496 290 402 214 188 173 76 147 666 78 164 241 207 230 235 92 474 388 77 111 205 
592:0 71 151 213 20 59 362 145 61 585 109 132 399 563 194 291 104 138 203 412 263 148 218 202 258 506 237 56 58 196 286 277 54 101 466 220 40 835 182 94 244 240 105 156 216 496 219 503 290 247 351 214 188 482 173 180 650 164 57 207 269 92 271 433 127 55 352 346 323 250 378 261 
593:0 71 151 213 20 59 362 145 61 585 399 563 194 291 104 138 203 412 263 148 218 202 416 258 506 237 56 63 58 196 286 277 330 101 466 220 40 835 182 94 244 240 105 156 216 496 219 503 290 247 351 214 188 482 173 180 164 57 207 269 92 271 433 127 55 352 346 323 250 378 54 109 132 261 650 
594:0 453 392 213 59 340 362 347 585 291 3 104 203 263 218 258 361 505 270 237 56 58 196 282 113 668 277 243 54 220 580 1 182 94 244 240 287 156 216 496 219 503 290 247 214 173 487 164 57 207 321 92 358 127 352 346 250 469 273 
595:0 71 97 213 340 450 405 293 451 585 440 15 50 435 104 486 527 203 412 263 185 148 218 210 380 202 237 571 141 113 656 393 42 398 40 182 228 240 156 216 830 431 496 103 290 351 324 832 163 214 173 660 169 81 522 164 389 207 129 168 85 86 92 521 528 404 
596:0 71 97 213 340 450 405 451 585 440 15 50 435 104 486 527 203 412 263 148 218 210 380 202 416 237 63 571 141 113 393 42 398 182 228 240 156 216 830 496 103 290 351 324 832 163 214 173 660 169 605 81 522 164 389 207 129 168 634 87 85 86 92 521 528 404 40 185 293 431 656 
597:0 491 372 213 331 585 174 104 283 203 412 153 263 148 430 218 202 356 360 106 237 468 275 334 442 282 73 393 232 429 267 371 42 398 182 156 216 279 431 397 249 205 496 290 402 120 214 173 76 191 446 796 824 164 241 207 33 85 86 92 388 
598:0 332 372 213 335 776 664 523 331 585 174 15 104 283 203 412 153 263 148 430 218 202 416 447 356 360 106 484 237 468 63 275 334 442 282 393 232 429 267 371 42 398 438 182 156 216 279 431 397 249 205 496 201 290 402 120 421 214 173 76 191 446 796 824 70 164 241 207 14 33 87 85 86 92 388 73 491 
599:0 372 475 20 268 451 585 435 104 203 263 430 218 544 356 237 63 334 199 277 393 319 429 408 182 278 156 216 830 397 249 496 201 103 290 508 351 324 214 173 796 824 164 207 477 85 84 86 92 253 521 528 192 11  
600:0 502 372 475 20 268 451 585 435 104 203 263 430 218 544 356 237 63 334 199 277 393 319 429 408 182 278 156 216 830 397 249 496 201 103 290 508 351 324 214 173 796 824 164 207 477 85 84 86 92 253 521 528 192 11  
601:0 502 372 475 20 268 451 585 435 104 588 203 263 430 218 544 653 416 356 237 63 334 199 277 597 393 319 429 408 182 278 156 216 830 397 249 496 201 103 290 508 351 324 214 173 796 824 164 207 477 87 85 84 86 92 433 253 521 528 192 11  
602:0 451 393 209 33 86 
603:0 51 491 512 401 213 20 340 451 489 585 242 435 104 263 148 430 218 380 202 29 237 231 282 113 393 182 240 156 216 496 290 351 324 214 173 209 164 162 207 37 634 87 85 86 92 369 521 528 192 33 
604:0 51 512 401 213 20 340 280 451 489 585 242 306 15 435 104 337 406 525 409 263 7 53 148 430 264 218 380 202 416 447 29 237 468 63 594 231 282 113 393 200 602 182 240 156 216 46 157 249 317 496 290 351 324 214 173 70 164 162 276 207 37 634 87 85 9 86 92 369 521 528 192 33 209 491 
605:0 495 97 502 310 213 112 347 451 585 93 322 399 194 50 104 138 497 373 203 412 823 263 148 218 356 45 470 385 29 377 237 286 113 277 826 357 417 220 471 384 182 60 94 244 473 240 105 278 115 156 216 157 317 272 496 219 103 290 247 351 324 493 285 214 289 173 211 500 164 207 485 477 100 168 85 86 92 271 433 253 472 428 
606:0 495 97 502 213 347 451 585 93 322 399 104 138 497 373 203 412 823 263 148 430 218 248 416 356 45 470 385 29 377 237 63 286 113 277 826 357 417 220 471 384 182 60 94 633 244 473 240 105 278 115 156 216 157 317 272 496 219 103 290 247 351 324 493 285 214 289 173 211 500 164 207 485 477 100 168 85 86 92 161 271 433 253 472 428 50 112 310 194 
607:0 51 151 502 310 213 833 347 445 499 585 109 174 399 104 138 373 52 203 412 263 126 83 481 488 53 148 218 114 257 506 237 286 510 517 262 107 573 101 315 220 371 835 471 182 94 244 156 216 496 219 290 247 351 832 214 123 173 76 180 164 241 207 269 477 168 92 271 433 261 
608:0 502 310 213 833 347 585 109 174 399 104 138 373 52 203 412 263 126 83 481 488 53 148 218 257 506 237 286 510 517 262 107 573 101 315 220 371 835 182 94 244 156 216 496 219 290 247 351 832 214 123 173 76 180 164 241 207 269 477 168 92 271 433 51 114 151 261 445 471 499 
609:0 502 310 213 833 347 585 109 174 399 104 138 373 52 203 412 263 126 83 481 488 53 148 218 416 257 506 237 63 286 510 517 636 262 107 573 101 315 220 371 835 182 94 244 156 216 496 219 290 247 351 832 214 123 173 76 180 164 241 207 269 477 168 92 271 433 51 114 151 261 445 471 499 
610:0 332 401 372 213 44 784 585 68 242 15 91 104 434 337 349 406 82 530 283 203 263 206 646 374 116 218 416 12 106 237 468 510 231 636 43 400 200 371 398 182 240 13 156 216 179 46 249 317 496 825 184 10 290 351 163 214 173 70 164 241 276 207 129 14 269 92 404 
611:0 332 401 372 213 44 784 585 242 15 91 104 434 337 349 406 82 525 530 283 203 263 206 374 116 218 416 12 237 468 510 231 636 43 67 200 371 398 182 240 156 216 179 46 249 317 496 825 184 10 290 421 351 163 214 173 666 70 164 241 276 207 129 14 269 92 404 13 68 106 400 646 
612:0 332 401 372 213 44 784 280 664 523 370 585 242 15 91 104 434 337 349 406 82 525 530 89 283 203 263 206 374 411 116 218 416 447 12 237 468 63 510 231 636 43 67 200 371 398 182 427 240 156 216 179 46 157 249 317 496 825 184 10 290 421 351 163 214 555 173 666 70 164 241 276 57 207 129 14 269 92 404 13 68 106 400 646 
613:0 332 372 213 419 117 59 362 204 585 343 15 91 104 497 227 203 263 175 374 264 524 218 154 447 45 258 237 468 58 423 8 196 67 25 5 400 580 579 181 602 182 240 156 216 249 317 496 290 421 329 163 214 173 70 164 276 57 207 37 92 352 281 
614:0 332 453 372 213 419 117 59 776 280 362 339 523 204 585 343 15 91 291 104 497 227 203 263 175 374 411 264 524 218 154 416 447 45 258 484 237 468 63 58 423 8 556 333 196 668 67 25 5 580 579 181 602 182 240 156 216 46 157 249 317 496 184 290 421 329 163 214 173 444 70 164 276 57 207 14 269 37 634 92 352 281 400 
615:0 151 512 246 213 62 635 419 20 59 585 109 432 104 203 153 263 430 568 524 218 258 114 237 63 58 420 333 196 334 282 636 113 277 54 400 398 182 240 229 105 115 156 216 496 290 120 159 329 324 163 214 173 76 164 207 92 839 352 
616:0 71 51 151 213 226 117 34 450 405 585 174 38 104 227 203 412 263 364 515 218 380 202 470 385 237 571 141 72 170 341 189 182 228 240 105 156 216 496 290 324 832 214 188 173 191 522 164 207 92 390 474 281 
617:0 71 51 151 491 97 213 226 34 450 405 585 174 104 409 227 203 412 263 515 411 218 380 202 416 385 237 63 571 282 636 141 382 72 341 384 182 98 240 105 156 216 179 496 201 290 324 832 214 188 173 191 522 164 207 129 92 390 369 607 474 582 281 38 117 170 189 228 364 470 
618:0 401 310 213 117 340 523 293 268 585 174 91 435 104 414 89 587 588 527 283 203 263 90 175 148 492 218 237 571 834 393 382 426 330 341 189 300 220 371 182 240 513 156 216 279 157 317 496 201 503 290 351 214 188 482 173 209 180 446 666 444 164 389 57 207 33 87 85 84 86 92 253 55 352 281 796 
618:1 310 213 20 340 523 68 242 174 91 414 89 203 263 90 175 430 492 423 334 834 232 319 330 341 189 220 371 182 240 513 156 279 157 317 496 201 503 103 214 188 482 779 173 180 446 796 666 444 164 389 57 33 831 86 253 55 281 
619:0 512 332 97 502 213 396 226 340 280 339 347 370 837 585 197 91 3 104 409 530 203 263 252 364 374 411 116 264 395 218 154 447 270 237 468 26 282 67 490 96 382 25 5 371 398 1 602 182 244 501 240 115 156 514 216 279 179 157 249 317 272 496 290 214 265 173 444 70 164 241 207 129 14 269 92 369 233 526 136 
620:0 512 332 97 502 372 213 396 226 299 340 280 664 339 347 370 837 585 197 91 3 104 409 530 203 263 252 374 411 116 264 395 218 154 416 447 270 237 468 63 26 282 636 67 490 96 25 5 371 398 1 602 182 244 501 240 115 156 514 216 279 179 157 249 317 272 496 290 214 173 444 70 164 241 207 129 14 269 92 369 469 526 136 233 265 364 382 
621:0 332 401 213 44 34 523 451 498 585 242 306 15 399 91 104 434 337 406 82 525 840 89 203 263 185 424 7 53 430 374 411 218 416 137 441 257 237 468 63 510 442 231 834 43 5 232 400 200 371 342 602 182 228 240 156 514 216 279 46 431 157 249 317 496 825 184 10 290 421 351 163 214 188 479 555 289 173 446 666 70 164 389 241 276 57 207 269 422 9 259 92 
622:0 502 310 335 280 523 585 174 111 91 104 409 223 414 89 203 263 7 148 374 411 264 218 447 356 360 359 484 270 237 58 8 196 286 334 67 490 277 222 25 5 189 101 578 835 1 602 182 94 240 156 216 397 157 249 317 205 496 219 841 290 120 247 325 351 324 214 173 446 666 70 164 276 207 477 168 9 92 
623:0 502 310 335 776 34 280 523 451 370 585 174 643 111 91 104 409 223 414 89 203 263 7 148 430 374 19 411 264 218 416 447 356 360 359 535 484 270 237 624 63 58 8 196 286 334 67 490 277 222 25 5 189 101 578 835 1 602 182 94 240 156 216 397 157 249 317 205 496 219 841 290 120 247 325 351 324 214 173 76 446 666 444 70 164 276 207 477 168 85 9 92 271 428 
624:0 332 372 213 251 280 585 15 399 91 104 530 373 203 263 206 185 374 492 218 210 447 12 29 237 468 334 442 282 636 834 43 67 490 393 212 232 319 400 371 398 602 182 427 228 501 240 156 514 216 279 397 249 317 272 496 201 184 10 103 290 421 163 214 555 289 173 180 446 796 164 389 207 14 269 168 86 259 92 404 
625:0 332 403 372 213 251 280 585 15 399 91 104 530 373 203 263 206 185 374 411 492 218 210 416 447 12 237 468 63 334 442 282 636 834 43 67 490 393 368 232 319 400 371 398 602 182 427 240 156 514 216 279 397 249 317 272 496 201 184 10 103 290 421 163 214 555 289 173 180 446 796 444 164 207 14 269 168 634 86 259 92 404 29 212 228 389 501 
626:0 332 133 372 213 584 34 523 370 585 538 15 104 89 283 203 263 116 218 31 416 29 543 237 624 30 442 834 43 224 341 189 200 371 398 182 228 99 240 156 514 216 279 179 431 157 249 317 496 184 290 130 214 661 173 23 666 444 70 164 241 276 57 207 14 33 269 37 634 92 253 528 526 428 
627:0 332 97 403 372 213 413 339 370 585 306 15 432 104 840 203 263 19 218 31 257 237 468 542 43 64 365 182 240 156 514 216 157 249 317 355 496 184 290 421 507 163 214 173 211 70 164 241 276 207 129 366 37 92 369 18 17 526 428 
628:0 332 97 403 372 213 413 339 370 585 306 15 432 104 840 203 263 19 218 31 416 257 237 468 542 63 442 636 43 64 365 182 240 156 514 216 157 249 317 355 496 184 290 421 143 507 163 214 173 211 70 164 241 276 207 129 366 37 92 369 18 17 526 428 
629:0 332 403 372 213 335 413 585 15 399 432 104 840 373 203 263 313 185 260 19 492 218 31 16 257 237 510 334 282 834 43 212 119 417 371 365 182 244 386 240 156 514 216 249 317 355 496 184 290 247 214 555 289 173 211 164 241 207 129 366 269 168 259 92 369 18 
630:0 332 403 372 213 335 198 413 585 15 399 432 104 840 373 203 263 313 185 260 19 492 218 31 416 16 257 237 63 510 334 282 834 43 119 417 371 365 182 244 386 240 156 514 216 249 317 355 496 184 290 247 143 214 555 289 173 211 164 241 207 129 366 269 168 259 92 369 18 212 
631:0 332 133 213 584 20 34 664 450 833 585 174 15 91 104 409 203 263 185 126 657 7 83 481 53 394 374 411 264 218 154 380 202 416 257 237 468 510 517 282 122 67 400 316 315 602 182 228 240 278 156 216 249 317 496 841 290 421 163 214 289 173 76 255 254 666 164 389 241 276 207 256 33 269 168 634 9 321 92 35 261 
632:0 332 97 213 226 251 44 450 585 242 15 91 104 283 203 412 494 263 185 646 175 430 218 210 416 12 270 237 468 571 334 442 368 232 319 182 156 514 216 431 397 157 249 317 496 28 201 103 290 421 832 214 173 796 666 444 70 522 164 276 207 422 86 92 404 11  
633:0 401 372 310 213 584 44 34 585 242 399 458 104 434 225 406 82 407 525 414 203 263 424 116 218 29 457 237 304 423 510 417 200 182 244 240 156 216 46 249 496 184 103 290 351 21 214 173 180 70 164 241 276 207 33 269 168 422 86 259 92 253 526 428 
634:0 401 372 213 251 44 34 585 242 399 458 104 434 225 406 82 407 525 414 203 263 424 116 218 29 270 237 304 423 510 417 200 182 244 240 156 216 46 249 496 184 103 290 351 21 214 173 180 70 164 241 276 207 33 269 168 422 86 259 92 253 526 428 310 457 584 
635:0 512 401 372 213 251 44 34 784 664 523 451 585 242 399 432 458 104 434 225 349 406 82 407 525 840 414 89 497 203 263 126 424 83 53 430 19 411 116 218 416 29 257 270 237 56 63 304 423 510 231 417 200 371 182 244 240 115 156 216 46 157 249 317 355 496 825 184 103 290 351 324 21 214 555 173 180 211 444 70 164 241 276 57 207 33 366 269 168 634 422 86 259 92 161 253 369 526 428 310 457 584 
636:0 71 512 133 213 450 405 347 585 38 104 52 203 263 126 488 53 172 394 193 218 202 106 257 237 510 141 113 393 234 315 182 94 156 216 496 219 103 290 324 832 214 173 76 81 522 164 241 207 36 37 92 369 528 428 261 
637:0 71 512 332 133 213 450 405 347 585 432 38 104 840 52 203 263 552 126 83 488 53 172 394 19 218 202 416 16 257 237 542 63 510 141 113 393 573 315 398 182 94 483 476 156 216 355 496 219 103 290 324 318 832 214 173 76 81 522 164 241 207 366 36 37 92 369 18 528 428 106 193 234 261 
638:0 332 403 335 340 280 347 370 837 585 15 24 104 203 263 206 430 411 218 416 270 237 468 63 334 442 636 43 393 224 368 232 398 182 244 98 501 115 156 514 216 279 179 46 397 249 496 533 219 201 184 290 214 661 173 446 796 444 70 164 276 207 129 14 36 269 86 92 521 526 404 428 
639:0 332 403 335 280 523 347 370 837 585 15 24 104 414 89 203 263 206 411 218 416 270 237 63 442 636 43 224 398 182 244 98 501 115 156 514 216 279 179 46 350 397 157 249 317 496 533 219 201 184 290 214 479 661 173 446 666 444 70 164 276 207 129 14 36 269 92 526 404 428 
640:0 332 403 335 340 280 347 370 837 585 15 24 104 203 412 263 206 148 411 218 202 416 447 829 270 237 63 636 348 437 43 113 345 224 267 182 244 98 501 115 156 514 216 279 179 46 249 496 533 219 290 402 214 661 173 76 630 444 70 164 241 276 207 129 14 235 36 269 92 526 388 404 428 
641:0 512 332 97 314 403 372 310 213 44 34 280 664 339 585 242 399 432 104 373 203 326 263 374 19 411 492 218 416 447 16 359 257 237 542 63 196 510 231 282 834 43 417 371 182 94 240 156 216 279 249 272 496 184 290 507 214 188 482 479 173 70 164 276 207 366 269 168 37 259 92 253 369 311 
642:0 97 372 310 213 44 34 280 664 339 268 451 585 242 399 432 435 104 587 486 527 373 203 263 430 374 19 411 492 218 416 447 359 377 237 63 510 231 282 834 43 417 371 182 94 240 156 216 279 830 249 272 496 184 290 351 507 214 188 482 479 661 173 70 164 276 207 269 168 37 87 85 9 84 86 259 92 253 369 521 311 528 
643:0 246 551 776 784 664 585 242 15 432 104 434 225 337 349 406 82 525 840 414 497 203 326 263 126 424 488 53 394 374 19 411 218 558 416 535 257 270 237 468 63 304 286 510 636 113 54 573 574 200 315 371 182 94 240 115 156 216 157 249 317 355 496 219 825 841 290 247 421 163 214 173 76 211 444 70 164 241 207 129 366 92 311 428 261 
644:0 246 776 550 784 664 451 585 242 15 432 104 434 225 337 349 406 82 525 840 414 497 486 203 263 148 430 374 19 411 218 559 416 114 270 237 468 63 304 286 636 113 393 574 200 371 182 94 240 115 156 216 830 157 249 317 355 496 219 825 290 247 421 351 324 163 214 173 211 444 70 164 207 129 366 87 85 422 9 86 92 521 311 528 428 
645:0 213 335 34 280 664 339 523 347 585 432 91 104 414 89 203 153 326 263 90 374 19 411 218 416 447 356 359 237 63 286 231 282 43 341 200 371 182 94 386 156 216 397 157 249 88 317 272 496 201 328 184 290 120 214 188 482 479 173 446 444 70 164 276 207 14 92 369 311 
646:0 246 59 776 784 664 585 15 104 434 225 337 349 406 82 525 840 414 497 283 203 263 430 374 19 411 568 218 416 549 258 270 237 468 63 304 58 333 196 286 442 636 113 574 200 371 182 94 240 115 156 216 157 249 317 355 496 219 825 184 290 247 421 329 324 163 214 173 211 444 70 164 241 207 129 92 311 428 
646:2 246 59 776 784 664 585 15 104 434 225 337 349 406 82 525 840 414 497 283 203 263 430 374 19 411 568 553 218 559 416 258 270 237 468 63 304 58 333 196 286 442 636 113 574 200 371 182 94 240 115 156 216 157 249 317 355 496 219 825 184 290 247 421 329 324 163 214 173 211 444 70 164 241 207 129 92 311 428 
646:1 246 59 776 784 664 585 15 104 434 225 337 349 406 82 525 840 414 497 283 203 263 430 374 19 411 568 218 558 416 258 270 237 468 63 304 58 554 333 196 286 442 636 113 574 200 371 182 94 240 115 156 216 157 249 317 355 496 219 825 184 290 247 421 329 324 163 214 173 211 444 70 164 241 207 129 92 311 428 
647:0 332 403 453 401 396 340 280 61 347 370 837 585 343 15 24 104 283 203 263 206 838 411 218 416 258 270 237 56 63 196 387 43 668 67 224 330 398 182 244 501 240 115 156 514 216 279 179 46 249 496 533 219 503 290 548 214 661 173 444 70 164 241 276 57 207 129 14 36 269 92 352 526 404 
647:1 332 403 453 401 396 340 280 61 347 370 837 585 343 15 24 104 283 203 263 206 838 411 218 416 258 270 237 56 63 196 387 43 668 67 224 330 398 182 244 501 240 115 156 514 216 279 179 46 249 496 533 219 503 290 548 214 661 173 444 70 164 241 276 57 207 129 14 36 269 92 352 526 404 
648:0 512 502 280 347 609 451 370 585 93 343 563 104 409 138 530 497 373 412 263 7 148 374 411 264 218 416 447 356 215 270 237 468 63 304 8 282 636 387 113 67 490 277 478 371 195 602 182 60 94 244 473 98 240 278 547 156 514 216 249 272 496 219 290 247 421 351 324 47 285 214 289 173 444 70 164 241 207 298 477 87 85 9 86 92 271 433 253 369 358 472 526 428 
649:0 332 502 372 299 59 450 405 451 585 399 104 527 203 412 153 245 263 591 488 53 148 430 19 218 210 202 416 356 441 237 468 63 58 571 334 442 387 141 113 199 277 443 393 232 319 182 94 98 278 115 156 216 397 496 103 290 120 421 508 351 324 493 163 214 173 76 796 522 164 207 129 546 477 87 85 86 92 161 369 404 192 428 
650:0 332 213 187 44 34 280 339 523 585 174 15 111 91 104 409 530 283 412 263 148 374 264 218 202 447 520 45 360 270 237 334 442 231 73 67 490 341 267 220 371 42 398 602 182 501 115 156 514 216 46 157 249 317 205 496 290 402 421 214 188 479 173 76 191 666 444 70 164 241 162 276 207 14 235 33 36 269 9 92 22 452 526 388 428 338 
651:0 332 213 44 34 280 339 523 585 15 91 104 409 530 283 412 263 148 374 264 218 202 447 520 45 360 270 237 468 334 442 231 73 67 490 341 267 302 220 371 42 398 602 182 115 156 514 216 46 157 249 317 205 496 290 402 421 214 188 479 173 76 666 444 70 164 241 162 276 207 14 235 33 36 269 9 92 22 452 526 388 428 111 174 187 191 338 501 
652:0 332 213 187 44 335 34 280 339 523 585 15 91 104 337 409 530 89 283 412 263 364 148 374 411 264 338 218 202 416 447 520 45 360 359 270 237 468 63 334 442 231 73 67 490 341 267 302 220 371 42 398 602 182 115 156 514 216 46 157 249 317 205 496 290 402 421 214 188 479 173 76 604 666 444 70 164 241 162 276 207 14 235 33 36 269 9 92 22 452 526 388 428 111 174 191 501 
653:0 213 585 343 15 104 138 497 373 52 263 126 519 83 488 53 492 218 447 257 237 336 95 510 231 113 381 277 478 315 602 182 60 94 633 244 473 240 156 216 496 219 10 290 214 173 76 164 241 207 39 168 92 273 526 261 307 
654:0 502 213 585 343 15 104 138 497 373 52 263 126 519 7 83 488 53 492 218 447 257 237 336 510 231 636 113 67 381 277 478 315 602 182 60 94 244 473 240 278 156 216 496 219 10 290 351 285 214 289 173 76 164 241 207 39 477 168 9 92 271 472 526 428 95 261 273 307 633 
655:0 502 213 307 347 585 343 15 563 104 138 497 373 52 263 126 519 7 83 488 53 492 218 248 416 447 257 237 336 63 510 231 636 113 67 381 277 478 573 315 602 182 60 94 244 473 240 278 156 216 272 496 219 10 290 247 351 324 285 214 289 173 76 164 241 207 415 39 477 168 9 92 271 433 472 526 428 95 261 273 633 
656:0 512 332 213 516 59 340 145 293 585 15 91 291 104 497 263 374 218 447 45 237 56 58 196 122 170 300 1 602 182 98 240 156 216 157 249 317 272 496 503 290 214 479 108 289 173 180 70 164 57 207 269 168 92 390 369 127 518 352 346 526 308 
657:0 512 332 213 59 340 145 585 15 399 91 291 104 497 263 374 218 447 45 441 237 56 58 8 196 122 67 1 602 182 98 240 156 216 157 249 317 272 496 503 290 214 479 108 289 173 180 70 164 57 207 269 168 92 369 127 518 352 526 170 293 300 308 346 390 516 
658:0 512 332 213 59 340 664 145 585 15 399 91 291 104 497 326 263 185 374 218 416 447 45 441 608 114 237 308 56 63 58 8 196 122 67 598 400 1 602 182 98 240 156 216 157 249 317 272 496 503 290 425 214 479 108 289 173 191 180 70 164 57 207 269 168 92 369 127 518 352 582 526 170 293 300 346 390 516 
658:1 512 332 213 59 340 664 145 585 399 104 497 326 263 185 374 218 416 447 45 441 114 237 308 56 63 58 8 196 122 67 598 400 1 182 98 240 156 216 157 317 272 496 503 425 214 479 108 289 173 191 180 164 57 207 269 168 92 369 127 518 352 582 526 
659:0 97 213 340 280 339 523 585 15 111 91 24 3 104 89 283 203 263 175 374 218 447 237 442 231 636 387 43 341 189 267 316 371 602 182 98 278 156 216 157 249 317 205 496 201 290 214 188 479 173 191 444 70 164 162 57 207 14 33 36 168 259 92 369 528 526 45 
660:0 97 213 34 340 280 664 339 523 585 15 91 24 3 104 414 89 283 203 263 7 175 374 264 492 218 380 416 447 441 359 237 624 63 8 442 231 282 636 387 43 67 25 5 341 189 267 316 371 602 182 98 278 156 216 157 249 317 603 496 201 328 841 290 214 188 479 289 173 191 666 444 70 164 162 276 57 207 14 33 36 168 9 259 92 253 369 528 526 45 111 205 
661:0 512 332 97 213 585 432 104 840 52 203 263 175 488 19 218 45 257 237 382 363 315 64 182 98 501 13 156 216 355 496 290 214 289 173 211 164 241 207 129 14 33 366 269 168 92 369 526 
662:0 512 332 97 213 585 432 104 840 52 203 263 364 126 83 175 488 53 19 218 45 257 237 510 382 363 315 64 182 98 13 156 216 355 496 290 214 289 173 211 164 241 207 129 14 33 366 269 168 92 369 526 261 501 
663:0 512 332 97 213 413 339 585 432 104 840 52 203 263 364 126 83 175 488 53 394 19 218 416 45 257 237 468 542 63 510 382 363 315 64 182 98 13 156 216 355 496 290 214 289 173 76 211 164 241 207 129 14 33 366 269 168 92 369 526 261 501 
664:0 450 77 476 81 78 33 
665:0 450 527 106 334 182 33 77 78 81 476 
666:0 512 332 312 213 450 405 347 585 432 104 564 138 527 283 412 263 148 218 202 416 16 237 542 63 571 636 113 77 601 182 60 94 244 483 240 156 216 355 496 219 290 324 79 214 173 76 522 78 164 241 48 207 366 168 92 369 33 81 106 334 476 
666:1 512 332 312 213 450 405 347 585 432 104 564 138 527 283 412 263 148 218 202 416 16 237 615 542 63 571 636 113 77 601 182 60 94 244 483 240 156 216 355 496 219 290 324 79 214 173 76 522 78 164 241 48 207 366 168 92 369 
666:2 512 332 312 213 450 405 347 585 432 104 564 138 527 283 412 263 148 218 202 416 16 237 542 63 571 636 113 77 601 182 60 94 244 483 240 156 216 355 496 219 290 324 79 214 173 76 522 78 164 241 48 207 366 168 92 369 
667:0 213 523 585 242 399 91 104 497 52 283 494 263 126 424 83 488 53 394 218 29 257 270 237 304 510 231 43 574 315 371 182 240 156 514 216 46 249 496 290 214 555 289 173 76 70 164 241 207 33 36 269 168 92 528 526 281 261 
668:0 213 340 523 585 242 399 91 104 497 52 283 263 126 424 488 53 218 416 29 257 270 237 63 304 510 231 43 574 315 371 182 240 156 514 216 46 249 496 290 214 555 289 173 76 70 164 241 207 33 36 269 168 92 528 526 83 261 281 394 494 
669:0 495 502 312 213 347 293 445 585 383 343 563 104 497 283 412 263 565 148 218 202 447 593 215 270 237 381 345 277 599 572 267 570 80 182 94 240 75 156 216 496 219 290 402 214 173 76 164 241 207 235 33 671 92 22 273 388 
670:0 495 502 312 213 347 585 343 563 104 497 283 412 263 565 148 218 202 447 593 215 270 237 381 345 277 599 572 267 570 80 182 94 240 75 156 216 496 219 290 402 214 173 76 164 241 207 235 33 92 22 273 388 293 383 445 671 
670:5 495 502 312 213 347 585 343 563 104 497 283 412 263 565 148 218 202 447 593 215 270 237 381 345 277 599 572 267 570 80 182 94 240 75 156 216 496 219 290 402 214 173 76 164 241 207 235 33 92 22 273 388 612 
671:0 495 502 312 213 347 585 343 563 432 586 104 497 283 412 263 148 592 218 202 416 447 593 215 270 237 63 113 381 345 277 599 572 267 570 80 182 94 240 156 216 496 219 290 402 214 173 76 164 241 207 235 92 273 388 22 33 75 293 383 445 565 671 
672:0 213 280 339 523 585 111 91 38 104 412 263 218 202 447 593 74 237 532 231 348 73 208 267 371 182 240 75 156 514 216 46 157 249 205 496 290 402 214 173 76 70 164 241 57 207 235 33 39 36 92 22 528 526 388 428 
673:0 332 213 340 280 339 523 585 91 38 104 89 412 263 218 202 416 447 74 237 532 63 231 348 73 208 267 371 182 240 75 156 514 216 46 157 249 496 290 402 214 173 76 666 70 164 241 276 57 207 235 33 39 36 92 22 528 526 388 428 111 205 593 
674:0 332 292 213 335 34 280 339 523 509 837 4 585 343 242 15 399 91 104 409 530 497 283 203 494 263 206 7 374 264 492 218 447 441 270 237 304 8 442 2 282 834 43 67 490 382 25 5 600 371 658 602 182 511 501 240 156 514 216 46 157 249 317 496 290 69 421 327 163 214 188 289 173 180 444 480 70 164 241 276 57 207 14 33 269 9 259 92 253 233 526 428 
675:0 332 292 213 251 335 34 280 339 523 418 509 370 837 4 585 343 242 15 643 399 91 104 337 409 530 89 497 373 283 203 494 263 206 7 374 411 116 264 492 218 416 447 441 359 270 237 468 63 304 8 571 442 2 282 636 834 43 67 490 25 5 400 200 600 371 398 602 182 511 240 156 514 216 279 179 46 157 249 317 496 184 290 421 327 163 214 188 555 289 173 180 666 444 70 164 241 276 57 207 14 33 269 168 634 9 259 92 253 233 526 404 428 382 480 501 658 69 
676:0 213 560 44 445 451 204 585 538 399 91 104 497 283 263 148 218 416 447 45 29 270 237 304 231 387 102 316 182 240 287 156 514 216 46 249 272 496 28 290 214 555 173 164 389 241 57 207 33 39 36 86 92 253 369 528 526 428 
677:0 502 274 213 112 347 451 585 93 343 15 399 586 104 138 497 203 412 823 263 252 313 148 218 356 215 270 237 231 43 113 277 478 417 371 6 579 182 60 94 244 473 240 278 115 156 216 272 496 219 10 290 351 324 285 214 289 173 164 241 207 129 477 85 86 321 259 92 271 433 472 526 281 428 
678:0 502 213 347 451 204 585 93 343 15 399 91 586 104 138 497 203 412 823 263 252 313 148 218 416 356 215 270 237 63 286 231 43 113 277 478 212 357 599 417 371 6 579 602 182 60 94 633 244 473 501 240 278 115 156 216 272 496 219 10 290 247 351 324 285 214 289 173 164 389 241 207 129 541 477 85 86 259 92 271 433 472 526 428 112 274 281 321 
678:1 502 213 347 451 204 585 93 343 15 399 91 586 104 138 497 203 412 823 326 263 252 313 148 218 248 416 356 215 270 237 63 231 43 113 345 277 478 382 417 371 6 579 602 182 60 94 633 244 473 240 278 115 156 216 272 496 219 10 290 247 351 324 285 214 289 173 500 164 389 241 207 129 541 477 85 86 259 92 271 433 472 526 428 112 274 281 321 
679:0 332 495 213 475 335 280 664 370 585 15 194 104 203 263 206 430 218 210 360 237 334 442 636 393 319 400 379 182 427 228 240 115 156 514 216 179 157 249 496 533 103 290 421 425 351 163 214 173 630 180 796 164 207 14 33 92 469 
680:0 332 495 213 475 280 664 370 585 15 104 203 263 206 430 218 210 360 237 334 442 636 393 319 400 379 182 427 228 240 115 156 514 216 179 157 249 496 533 103 290 421 425 351 163 214 173 630 180 796 164 207 14 33 92 194 469 335 
681:0 595 332 495 403 213 475 335 280 664 370 585 15 104 203 263 206 430 218 210 416 360 457 237 63 334 442 636 393 319 400 379 182 427 228 240 115 156 514 216 179 157 249 496 533 103 290 247 421 425 351 163 214 173 630 180 796 164 241 207 14 33 92 469 194  
681:1 595 332 495 403 213 475 335 280 664 370 585 15 104 203 263 206 430 218 210 416 360 457 237 63 334 442 636 393 319 400 379 182 427 228 240 115 156 514 216 179 157 249 496 533 103 290 247 421 425 351 163 214 173 630 180 796 164 241 207 14 33 92 469  194 
682:0 495 502 312 213 347 445 451 204 585 343 563 50 586 104 564 138 497 227 283 203 412 263 565 313 175 148 430 218 360 215 270 237 113 277 828 599 572 417 316 182 94 244 240 115 287 156 216 496 290 285 214 173 164 241 207 186 230 477 85 259 92 433 273 
683:0 495 502 312 583 213 347 451 204 585 343 563 50 586 104 564 409 138 497 227 283 203 412 263 565 313 175 148 430 218 416 360 215 505 270 237 63 113 277 118 828 599 572 417 316 182 94 244 473 240 115 156 216 496 290 285 214 173 164 241 207 186 230 477 87 85 259 92 433 273 287 445 
684:0 495 133 312 213 187 347 204 585 383 538 178 343 563 104 564 138 283 203 412 263 565 313 53 148 218 380 215 270 237 113 277 828 580 579 182 94 244 240 156 216 496 219 290 214 173 605 81 164 241 57 207 230 33 168 85 92 273 281 
685:0 495 133 312 213 347 204 585 538 178 343 563 104 564 409 138 283 203 412 263 565 313 53 148 218 380 416 215 270 237 63 113 277 118 828 580 579 182 94 244 240 156 216 496 219 290 214 173 605 81 164 241 57 207 230 33 168 87 85 92 273 187 281 383 
686:0 367 332 502 213 226 20 347 293 585 132 15 399 194 50 104 373 203 823 263 313 53 148 260 374 492 218 248 385 608 237 95 282 834 113 668 417 400 371 64 365 471 182 60 94 427 244 149 240 115 156 514 216 157 272 496 290 493 163 214 289 173 180 500 164 241 276 207 415 33 269 477 168 85 606 259 92 433 35 
687:0 332 502 213 226 20 335 664 347 585 132 15 399 104 373 203 823 263 313 53 148 374 492 218 248 416 385 237 63 95 282 834 113 668 417 400 371 64 365 182 60 94 427 244 473 149 240 115 156 514 216 179 157 272 496 184 290 324 163 214 289 173 180 500 164 241 276 207 415 33 269 477 168 634 85 606 259 92 433 35 194 260 293 471 493 608 50 367 
688:0 332 246 372 213 251 59 280 523 128 585 238 15 91 104 530 89 373 283 203 263 206 374 218 210 154 447 270 237 468 58 196 571 334 668 341 189 267 400 371 398 602 182 240 534 156 216 350 397 157 249 317 496 219 28 201 503 10 103 290 421 504 163 214 188 482 479 173 446 444 70 164 57 207 415 14 269 168 321 259 92 253 55 352 346 110 404 
689:0 332 246 372 213 251 59 280 664 339 523 128 585 238 15 91 291 104 337 530 414 89 373 283 203 263 206 374 411 218 210 154 416 447 270 237 468 63 58 196 571 334 636 668 67 826 330 341 189 267 400 371 398 602 182 240 534 156 216 350 397 157 249 317 496 219 28 201 503 10 103 290 421 504 130 163 214 188 482 479 173 446 444 70 164 276 57 207 14 269 168 259 92 253 55 352 250 110 404 321 346 415 
690:0 51 151 401 213 340 145 293 585 291 104 406 525 203 263 185 838 218 441 258 114 237 56 196 231 200 579 342 182 240 156 216 496 503 825 290 247 351 214 188 482 108 173 164 57 207 33 39 85 92 390 239 607 474 127 55 352 
691:0 51 401 213 340 145 293 585 291 104 434 406 525 203 263 185 838 411 218 416 441 258 237 56 63 196 231 200 579 342 182 240 156 216 496 503 825 290 247 351 214 188 482 108 173 164 57 207 33 39 87 85 92 390 239 607 474 127 55 352 114 151 
692:0 453 401 213 396 340 145 61 585 152 15 291 104 406 203 494 263 175 430 838 218 270 237 468 58 196 231 330 182 240 156 216 157 496 503 290 214 188 482 479 173 150 164 57 207 14 831 92 369 474 127 55 352 346 11 
693:0 453 401 213 396 340 145 61 585 152 15 399 291 104 406 203 263 175 430 838 411 218 416 505 270 237 468 63 58 196 231 636 668 330 182 240 156 216 157 496 503 290 247 214 188 482 479 173 150 164 57 207 14 831 92 369 474 127 55 352 346 11 494 
694:0 97 502 213 523 293 268 451 585 15 399 91 104 407 525 588 589 486 527 203 263 148 218 137 447 237 231 113 490 393 189 577 1 182 244 98 240 13 156 216 830 157 317 496 201 825 290 351 324 214 173 164 57 207 129 39 87 85 84 86 92 369 521 528 
695:0 97 502 213 784 664 523 268 451 585 15 399 91 435 104 406 525 587 588 589 486 527 203 263 7 148 411 218 416 447 237 63 304 231 113 67 490 393 25 5 189 577 1 182 244 98 240 13 156 216 830 157 317 496 201 825 290 351 324 214 173 76 164 241 57 207 129 39 87 85 9 84 86 92 369 521 311 528 137 293 407 
696:0 332 246 372 213 117 44 335 34 280 523 204 370 585 242 174 399 91 104 434 337 349 406 525 414 89 203 263 424 218 237 468 32 304 423 334 442 231 834 826 200 579 305 182 665 156 216 46 350 397 157 249 88 317 496 201 825 184 290 214 173 446 23 666 444 70 164 241 276 207 33 39 37 422 92 428 
697:0 332 246 372 213 117 44 335 34 784 280 664 523 204 370 585 242 399 91 104 434 337 349 406 525 414 89 203 263 424 218 416 457 237 624 468 32 63 304 423 334 442 231 834 826 200 579 182 665 156 216 46 350 397 157 249 317 496 201 825 184 290 214 173 446 23 666 444 70 164 241 276 207 33 39 37 422 92 428 174 305 
698:0 246 401 213 62 635 419 112 59 34 523 347 451 585 399 435 104 525 138 414 497 227 203 263 148 430 568 524 218 45 258 114 237 63 304 58 196 334 442 231 113 393 826 243 54 341 267 200 181 182 244 240 115 156 216 46 350 397 157 249 88 317 496 219 201 290 214 173 446 444 164 207 36 85 86 92 352 311 428 
699:0 246 401 213 62 419 59 34 523 347 451 585 399 104 525 138 414 89 497 227 203 263 148 430 568 524 218 416 45 258 237 63 304 58 333 196 334 442 231 113 393 826 54 341 267 200 181 182 94 244 240 115 156 216 46 350 397 157 249 88 317 496 219 201 290 214 173 446 444 164 207 36 87 85 86 92 352 311 428 112 114 243 435 
700:0 213 560 226 44 34 347 609 204 585 383 343 15 563 91 586 38 104 564 497 203 263 565 313 148 116 218 416 45 215 270 237 63 304 231 636 387 113 345 277 828 599 572 573 6 579 182 244 473 98 240 115 156 514 216 496 219 28 290 247 285 214 173 500 164 241 207 129 33 39 36 477 92 311 526 29 47 99 102 117 130 174 175 189 197 273 281 287 321 363 376 445 485 608 610 24 
701:0 512 332 97 502 372 213 226 776 340 413 280 339 370 837 585 238 15 432 197 91 104 409 530 840 227 283 203 494 263 206 297 364 7 374 19 566 411 264 218 416 447 270 237 468 442 2 636 387 67 490 212 382 25 5 300 371 398 602 182 501 240 156 514 216 279 179 157 249 317 355 496 290 143 507 214 173 211 444 70 66 164 241 276 207 129 14 33 366 269 634 9 259 92 369 17 526 404 428 136 
702:0 332 502 213 268 451 204 585 343 15 563 91 435 104 587 588 486 527 203 494 263 148 374 218 416 447 270 237 231 387 393 363 575 577 579 182 240 278 156 514 216 830 496 290 351 324 214 173 164 241 162 207 33 39 671 168 87 85 9 84 86 92 369 521 528 
703:0 495 502 246 776 347 204 585 343 563 104 414 203 153 263 175 148 218 356 470 385 360 258 106 237 334 113 277 393 826 828 572 267 408 182 94 244 115 156 216 397 157 88 317 496 219 201 328 290 159 285 214 479 173 446 666 444 164 241 207 33 477 831 92 433 472 
704:0 71 151 213 117 34 145 585 68 174 104 434 225 406 203 263 175 218 237 571 231 791 330 341 200 342 182 240 156 216 157 496 290 351 832 214 188 482 173 164 241 207 33 85 92 55 352 
705:0 71 491 213 117 59 34 145 585 174 104 434 225 406 203 263 175 218 237 58 571 231 330 341 200 182 240 156 216 157 496 290 351 832 214 188 482 173 164 241 207 33 85 92 55 352 68 151 342 791 
706:0 71 491 401 372 213 117 59 776 34 784 664 145 523 585 174 104 434 225 406 525 89 203 263 364 126 7 175 53 411 264 218 416 258 237 56 63 58 510 571 231 636 25 5 330 341 200 342 438 182 240 156 216 157 249 496 290 351 832 214 188 482 173 666 70 164 241 276 57 207 33 671 87 85 9 92 55 352 311 68 151 791 
707:0 310 213 347 585 343 562 15 563 432 104 564 203 263 590 565 430 492 218 416 377 237 63 286 334 387 113 199 277 478 393 319 429 599 579 182 94 244 473 240 278 115 156 216 496 219 290 214 173 191 796 500 164 241 207 415 33 168 86 259 92 
708:0 502 310 213 516 785 523 585 109 174 15 399 194 91 50 104 138 203 412 263 185 492 218 202 447 829 74 288 506 237 532 286 275 73 345 277 267 220 578 398 835 602 182 94 115 156 216 157 249 272 496 219 290 402 247 421 285 832 214 173 76 180 70 164 389 241 207 33 477 168 92 271 433 607 452 388 261 567  
709:0 502 310 213 335 785 664 523 347 585 109 174 15 399 194 91 104 409 138 89 203 412 263 185 411 492 218 202 416 447 829 74 506 237 468 532 63 286 275 437 73 345 277 267 220 578 398 835 602 182 94 115 156 216 157 249 272 496 219 290 402 247 421 285 832 214 173 76 180 70 164 241 207 33 477 168 92 271 433 607 452 388 404 261 288 516 567  50 389 
710:0 502 310 213 516 331 451 585 109 174 399 194 50 104 138 203 412 153 263 126 488 53 148 492 218 202 447 829 360 506 237 286 510 73 113 277 573 267 220 835 182 94 75 156 216 157 249 272 496 219 184 290 402 247 425 285 832 214 188 173 76 180 164 241 207 235 477 168 92 271 433 388 261 581 
710:1 502 310 213 516 331 451 585 109 174 399 194 50 104 138 203 412 153 263 126 488 53 148 492 218 202 447 829 360 506 237 286 510 73 113 277 573 267 220 835 182 94 75 156 216 157 249 272 496 219 184 290 402 247 425 285 832 214 188 173 76 180 164 241 207 235 477 168 92 271 433 388 581 261 
710:2 502 310 213 516 331 451 585 109 174 399 194 50 104 138 203 412 153 263 126 488 53 148 492 218 202 447 829 360 506 237 286 510 73 113 277 573 267 220 835 182 94 75 156 216 157 249 272 496 219 184 290 402 247 425 285 832 214 188 173 76 180 164 241 207 235 477 168 92 271 433 388 581 261 
710:3 502 310 213 516 331 451 585 109 174 399 194 50 104 138 203 412 153 263 126 488 53 148 492 218 202 447 829 360 506 237 286 510 73 113 277 573 267 220 835 182 94 75 156 216 157 249 272 496 219 184 290 402 247 425 285 832 214 188 173 76 180 164 241 207 235 477 168 92 271 433 388 581 261 
711:0 502 310 213 664 331 451 585 109 399 104 138 203 412 153 263 126 488 53 148 411 492 218 202 416 447 829 360 506 237 63 286 510 73 113 277 572 573 417 267 220 578 835 438 182 94 75 156 216 157 249 272 496 219 184 290 402 247 425 285 832 214 188 173 76 180 164 241 207 235 477 168 92 271 433 388 50 174 194 261 516 581 
711:1 502 310 213 664 331 451 585 109 399 104 138 203 412 153 263 126 488 53 148 411 492 218 202 416 447 829 360 506 237 63 286 510 73 113 277 572 573 417 267 220 578 835 438 182 94 75 156 216 157 249 272 496 219 184 290 402 247 425 285 832 214 188 173 76 180 164 241 207 235 477 168 92 271 433 388 581 50 174 194 261 
711:2 502 310 213 664 331 451 585 109 399 104 138 203 412 153 263 126 488 53 148 411 492 218 202 416 447 829 360 506 237 63 286 510 73 113 277 572 573 417 267 220 578 835 438 182 94 75 156 216 157 249 272 496 219 184 290 402 247 425 285 832 214 188 173 76 180 164 241 207 235 477 168 92 271 433 388 581 50 174 194 261 
711:3 502 310 213 664 331 451 585 109 399 104 138 203 412 153 263 126 488 53 148 411 492 218 202 416 447 829 360 506 237 63 286 510 73 113 277 572 573 417 267 220 578 835 438 182 94 75 156 216 157 249 272 496 219 184 290 402 247 425 285 832 214 188 173 76 180 164 241 207 235 477 168 92 271 433 388 581 50 174 194 261 
712:0 495 213 635 419 112 44 59 585 242 174 38 104 203 263 148 430 524 218 360 258 106 237 301 58 423 333 196 334 243 54 181 182 240 229 105 156 216 397 157 249 317 496 219 290 159 214 173 444 70 164 57 207 33 36 92 352 
713:0 495 213 419 44 59 335 776 34 523 585 242 174 38 104 89 203 263 148 430 524 218 416 360 258 106 484 237 624 56 63 301 58 423 333 196 334 442 181 182 240 229 105 156 216 46 397 157 249 317 496 219 290 159 130 214 173 666 444 70 164 276 57 207 33 36 92 352 469 54 112 243 635 
714:0 71 512 332 97 314 403 213 44 280 585 15 399 432 104 434 406 407 138 840 497 203 263 19 218 16 257 237 542 304 231 141 200 182 94 13 156 216 355 496 103 290 247 421 143 214 289 173 76 211 164 241 162 48 207 129 415 33 366 269 168 259 92 253 369 352 18 528 17 404 
715:0 71 512 332 97 314 403 213 44 561 280 585 15 399 432 104 434 337 349 406 138 840 497 203 263 53 19 411 218 416 16 257 237 468 542 63 304 231 636 141 236 200 182 94 13 156 216 355 496 103 290 247 421 143 214 289 173 76 211 164 241 162 48 207 129 33 366 269 168 259 92 253 369 352 18 528 17 404 415 407 
716:0 312 62 335 34 347 370 585 15 563 432 104 564 497 283 203 263 148 430 411 218 569 416 447 356 258 505 237 532 63 304 275 636 113 224 828 599 572 267 400 200 579 182 94 244 473 240 115 156 216 46 157 496 290 214 661 173 164 241 207 129 33 36 831 87 85 86 92 472 428 
717:0 512 332 403 335 34 585 15 399 432 50 104 337 407 138 840 373 203 263 19 411 492 218 416 16 257 237 468 542 63 304 282 636 834 576 371 578 182 94 240 13 156 216 157 355 496 290 247 421 143 507 214 555 173 211 164 389 241 207 129 366 269 168 259 92 369 428 
718:0 20 44 335 34 784 280 523 293 489 585 622 242 91 104 434 225 349 406 525 414 89 203 245 263 411 218 416 137 447 114 237 624 63 304 231 200 220 371 182 156 514 216 179 157 249 496 219 201 825 841 290 351 832 214 482 173 180 666 444 70 164 241 276 207 129 616 617 92 428 596 
718:1 20 44 335 34 784 280 523 293 489 585 622 242 91 104 434 225 349 406 525 414 89 203 245 263 411 218 416 137 447 114 237 624 63 304 231 200 220 371 182 156 514 216 179 157 249 496 219 201 825 841 290 351 832 214 482 173 180 666 444 70 164 241 276 207 129 616 617 92 428 
718:2 20 44 335 34 784 280 523 293 489 585 622 242 91 104 434 225 349 406 525 414 89 203 245 263 411 218 416 137 447 114 237 624 63 304 231 200 220 371 182 156 514 216 179 157 249 496 219 201 825 841 290 351 832 214 482 173 180 666 444 70 164 241 276 207 129 616 617 92 428 
719:0 495 502 133 246 226 776 347 204 585 343 563 611 104 564 414 227 283 203 153 263 313 175 148 218 416 356 470 385 360 258 106 215 270 237 63 334 387 113 393 826 118 828 572 573 267 579 408 182 94 244 473 115 156 216 397 157 88 317 496 219 201 328 290 159 285 214 479 173 446 444 500 164 241 207 33 477 831 92 433 472 
720:0 502 310 335 280 347 451 585 93 343 399 194 104 409 138 530 373 412 263 7 148 374 411 264 492 218 416 447 356 470 441 237 63 621 614 8 282 636 387 113 277 478 417 578 471 602 182 60 94 244 473 511 240 278 115 156 216 272 496 219 290 247 351 324 285 214 289 173 164 241 207 269 477 168 634 85 9 86 259 92 271 433 253 472 428 
721:0 776 34 280 523 585 15 432 104 414 89 203 153 263 126 83 488 53 394 430 374 411 116 218 416 360 114 535 257 484 237 56 63 510 43 668 54 599 341 315 182 240 156 216 46 157 249 496 201 503 184 841 290 120 214 188 482 479 173 76 613 23 666 444 70 164 241 276 207 36 422 92 55 352 311 261 
722:0 310 213 226 413 585 109 343 174 432 104 840 497 203 412 263 206 297 193 218 31 202 447 520 829 45 114 237 282 625 348 113 417 267 466 64 365 182 75 156 216 355 496 219 402 421 425 143 214 173 76 211 164 389 241 207 129 14 235 33 92 526 388 338 
723:0 310 213 226 413 585 343 432 104 840 497 203 412 263 206 297 193 218 31 202 447 520 829 45 237 625 348 113 417 267 466 64 365 182 75 156 216 355 496 219 402 421 425 143 214 173 76 211 164 389 241 207 129 14 235 33 92 526 388 109 114 174 338 282 
724:0 512 403 310 213 226 413 585 343 432 104 840 497 203 412 263 206 297 193 338 218 31 202 416 447 520 829 45 506 237 542 63 286 636 625 348 437 113 490 417 267 466 64 578 365 835 182 427 75 156 216 355 496 219 402 247 421 425 832 143 214 479 173 76 630 642 180 211 164 389 241 207 129 14 235 33 366 92 369 526 388 109 114 174 282 
725:0 512 213 44 34 339 585 343 242 24 104 52 283 203 263 252 126 424 519 83 488 53 394 218 154 45 257 237 141 43 122 417 200 315 600 6 658 182 156 216 279 46 496 184 10 421 214 173 164 241 207 14 269 37 259 92 369 526 261 307 
726:0 512 213 44 34 339 585 343 242 24 104 530 52 283 203 263 126 424 519 83 488 53 394 218 154 45 257 237 141 43 122 417 200 315 6 182 156 216 279 46 496 184 10 421 214 173 164 241 207 14 269 37 259 92 369 526 252 261 307 658 600 
727:0 512 372 213 20 44 307 299 34 280 664 339 523 833 370 585 343 238 242 643 399 24 104 409 530 89 373 52 283 203 263 252 126 424 519 7 83 488 53 394 374 411 264 218 154 416 45 535 257 237 63 442 282 834 141 43 122 67 490 25 5 417 200 315 6 182 511 156 216 279 179 46 496 184 841 10 421 214 555 289 173 666 164 241 276 207 14 269 37 634 9 259 92 369 526 261 658 600 
728:0 512 133 453 392 401 583 213 560 59 362 61 445 204 585 343 586 291 3 104 564 497 227 203 263 838 218 45 258 270 237 56 304 58 196 231 791 599 572 195 579 1 182 240 156 216 496 503 47 214 173 164 57 207 92 839 253 127 55 518 352 250 472 526 308 
729:0 512 133 453 401 213 560 59 362 61 445 204 585 343 586 291 3 104 564 497 227 203 263 838 218 45 258 270 237 56 304 58 196 231 599 572 579 1 182 240 156 216 496 503 47 214 173 164 57 207 92 839 253 127 55 518 352 250 472 526 195 308 392 583 791 
730:0 512 133 453 401 213 560 59 362 61 347 445 204 585 343 563 586 291 3 104 564 497 227 203 412 263 838 218 416 45 258 270 237 308 56 63 304 58 196 231 113 668 277 828 599 572 195 579 1 182 94 244 240 115 156 216 496 503 247 47 214 173 644 500 164 57 207 92 839 253 127 55 518 352 311 250 472 526 392 583 791 
731:0 332 213 561 413 280 331 585 432 104 65 497 297 488 19 218 31 45 441 257 237 304 282 119 64 365 182 156 216 249 355 496 103 143 214 479 173 211 164 241 48 207 14 366 168 92 253 369 526 
732:0 332 213 280 331 585 432 104 65 497 297 488 19 218 31 45 441 257 237 304 282 64 365 182 156 216 350 249 355 496 103 143 214 479 173 211 164 241 48 207 14 366 168 92 253 369 526 119 413 561 
733:0 332 213 663 280 331 585 432 104 65 497 297 488 430 19 218 31 45 441 257 237 304 282 315 64 365 182 156 216 350 249 355 496 103 402 143 214 479 173 211 164 241 48 207 14 366 168 92 253 369 526 119 413 561 
734:0 213 117 44 585 242 104 89 497 283 263 424 218 237 158 423 231 387 43 189 316 371 182 228 156 216 279 317 496 28 201 184 351 214 173 666 164 162 207 33 36 269 168 37 422 259 92 253 369 526 281 
735:0 213 117 44 335 523 585 242 104 530 89 497 283 263 7 374 218 237 158 8 442 231 387 43 189 316 371 182 228 156 216 46 317 496 28 201 184 351 214 173 666 164 162 207 33 36 269 168 37 9 259 92 253 369 526 281 428 279 422 423 424 
736:0 512 213 44 450 451 585 242 91 435 104 527 203 263 218 106 237 113 393 341 189 398 182 240 156 216 830 496 103 351 832 214 173 209 605 81 164 207 85 86 92 521 528 404 11  
737:0 512 213 44 450 268 451 585 242 91 435 104 587 486 527 203 263 218 237 334 113 393 341 189 398 182 240 156 216 830 496 103 351 832 214 173 209 605 81 164 207 85 86 92 521 528 404 11 106  
738:0 512 97 403 213 44 450 405 268 451 585 242 91 435 104 840 587 486 527 203 412 263 430 19 218 416 12 237 63 334 636 113 393 341 189 398 182 240 156 216 830 355 496 103 351 324 832 507 214 173 76 209 605 81 164 207 87 85 86 92 521 528 404 192 11 106  
739:0 133 213 280 664 145 61 339 523 370 585 152 146 104 409 530 223 89 283 263 374 411 264 524 218 237 8 334 442 43 371 602 182 228 240 156 216 179 157 249 317 496 503 214 173 444 164 241 276 207 168 9 92 469 526 428 
740:0 213 419 59 335 280 664 145 61 339 523 370 585 146 104 409 530 223 89 283 263 374 411 264 524 218 416 258 237 58 648 8 196 334 442 43 371 602 182 228 240 156 216 179 157 249 317 496 503 214 173 444 164 241 276 207 168 9 92 526 428 133 152 469 
741:0 512 332 97 314 403 213 226 347 445 585 343 432 3 104 373 263 297 19 218 45 270 237 542 196 119 64 365 1 182 511 156 216 628 272 355 496 219 201 143 214 173 211 164 207 14 366 269 298 92 369 526 
742:0 71 512 332 495 502 312 583 213 226 516 450 405 347 204 585 343 563 432 104 564 138 840 203 412 263 565 313 218 270 237 286 571 387 141 113 478 572 579 601 182 94 244 483 115 156 216 355 496 219 324 318 285 214 173 660 605 522 78 164 241 207 230 129 415 366 477 168 92 271 369 472 
743:0 71 512 332 495 502 312 213 226 450 405 347 204 585 343 563 432 104 564 138 840 203 412 263 565 313 218 416 270 237 63 286 571 387 141 113 345 478 267 579 654 182 94 244 483 115 156 216 355 496 219 324 318 285 214 173 76 660 522 78 164 241 207 230 129 415 366 477 168 92 271 369 472 516 572 601 605 583 
744:0 213 44 585 343 242 306 104 414 497 283 203 263 424 218 237 336 304 334 442 231 387 43 316 579 182 156 216 46 431 397 157 88 317 496 28 184 214 555 173 446 666 444 164 389 207 14 33 269 37 422 92 428 
744:1 213 44 585 343 242 306 104 414 497 283 203 263 424 218 608 237 336 304 334 442 231 387 43 316 579 182 156 216 46 431 397 157 88 317 496 28 184 214 555 173 446 666 444 164 389 207 14 33 269 37 422 92 428 
745:0 632 97 372 213 44 280 339 370 585 343 242 104 529 414 497 283 203 263 424 218 416 237 336 304 334 442 231 387 43 316 579 182 665 98 501 156 216 46 350 431 397 157 88 317 496 28 201 184 214 555 173 446 666 444 164 389 207 129 14 33 541 269 422 92 428 37 306 
745:1 213 44 280 339 370 585 68 343 242 104 530 414 497 283 203 263 424 7 264 492 218 416 237 336 304 334 442 231 636 834 387 43 490 25 5 316 200 371 579 182 665 156 216 279 179 46 350 431 397 157 88 317 496 28 201 184 214 555 173 446 666 444 164 389 207 14 33 269 634 422 9 92 253 428 37 306 
745:2 632 213 44 280 339 370 585 68 343 242 306 104 529 414 497 283 203 263 424 116 218 416 237 336 304 334 442 231 387 43 316 200 579 182 665 98 501 156 216 179 46 350 431 397 157 88 317 496 28 201 184 214 555 173 446 666 444 164 389 207 14 33 541 269 37 422 92 526 428 608 
746:0 392 401 213 251 362 523 585 343 291 38 104 89 283 203 263 185 838 218 45 258 270 237 56 58 231 668 54 330 341 182 240 156 216 496 503 825 214 173 487 164 57 207 36 671 92 253 369 127 55 352 346 250 
746:1 392 401 213 251 362 523 585 343 291 38 104 89 283 203 263 185 838 218 45 258 270 237 56 58 231 668 54 330 341 182 240 156 216 496 503 825 214 173 487 164 57 207 36 671 92 253 369 127 55 352 346 250 
747:0 495 213 44 59 362 585 343 104 203 263 524 218 380 441 258 114 237 56 58 196 571 334 282 668 277 330 341 220 371 64 42 398 40 182 240 105 156 216 496 219 503 214 188 482 289 173 131 180 255 254 164 57 207 256 92 390 607 474 352 469 
748:0 495 213 647 44 59 335 362 585 343 440 104 203 263 524 218 380 441 258 506 237 56 58 196 571 334 282 113 668 277 330 341 220 371 64 42 398 40 182 240 105 156 216 496 219 503 214 188 482 479 289 173 131 180 164 57 207 92 390 607 474 352 469 114 254 255 256 
749:0 213 117 34 523 370 585 68 38 24 104 414 89 283 203 263 90 218 484 237 624 334 442 67 490 222 25 426 189 300 371 182 156 216 46 157 249 317 603 496 201 328 214 479 173 446 23 666 70 164 276 207 92 
750:0 213 117 776 34 523 370 585 68 24 104 414 89 283 203 263 411 218 416 484 237 624 63 334 442 834 67 490 25 341 189 300 371 182 156 216 279 46 157 249 317 603 496 201 328 184 214 173 446 23 666 70 164 276 207 92 38 222 426 90 479 
751:0 392 213 62 44 59 145 61 450 405 585 242 104 203 494 263 524 218 202 29 237 58 196 571 334 141 668 656 277 478 243 398 471 182 240 156 216 496 503 324 832 214 173 487 169 255 605 254 164 57 207 92 127 55 352 346 472 404 
752:0 392 213 44 59 145 61 450 405 585 242 291 104 203 494 263 524 218 202 29 237 56 58 196 571 334 636 141 668 656 277 478 243 398 182 240 115 156 216 496 219 503 324 832 214 173 487 169 164 57 207 92 127 55 352 469 472 404 62 254 255 346 471 605 
753:0 312 213 450 331 585 432 104 530 203 412 263 206 374 218 210 202 447 829 74 237 275 625 348 437 141 345 267 371 398 182 75 156 216 496 219 402 324 163 214 173 76 164 241 207 230 14 235 92 311 388 404 
754:0 332 213 280 450 331 585 440 432 104 530 203 412 263 206 374 218 210 202 416 447 829 593 74 237 63 275 282 636 625 348 437 141 490 345 267 400 371 570 398 182 427 75 156 216 496 219 402 324 163 214 173 76 630 164 241 276 207 230 14 235 92 311 388 404 312 
755:0 71 495 133 310 213 585 109 563 104 564 138 203 412 263 148 218 202 447 74 237 275 73 113 277 478 72 572 236 267 77 654 182 278 156 216 496 219 402 324 79 214 188 173 76 147 651 650 78 164 241 207 235 86 92 472 388 
756:0 71 495 133 310 213 451 585 109 563 104 564 409 138 203 412 263 148 218 202 416 447 237 63 275 113 277 478 72 572 236 267 654 182 240 278 156 216 496 219 402 324 79 214 188 173 76 147 651 650 164 241 207 235 86 92 311 472 388 73 74 77 78 
757:0 213 251 584 585 343 3 104 337 406 82 52 283 203 263 252 126 481 488 53 374 492 218 441 257 270 237 510 231 282 141 189 417 315 371 305 139 398 182 156 216 496 28 825 10 421 832 214 188 482 123 289 173 164 207 230 129 269 168 86 259 92 607 474 261 
758:0 512 213 251 784 445 585 836 343 440 50 3 104 337 349 406 82 525 52 227 283 203 263 252 313 126 657 481 488 53 394 374 492 218 441 257 270 237 510 231 282 636 141 417 315 371 305 139 398 1 182 156 216 496 825 10 421 832 214 188 482 123 289 173 164 207 230 129 269 168 86 259 92 607 474 28 261 584 189 
759:0 332 213 560 117 20 280 664 339 523 204 837 585 111 38 104 530 89 203 263 175 374 411 264 395 218 359 237 8 442 43 490 25 5 220 371 182 156 216 46 157 317 272 205 496 214 173 23 666 70 164 276 207 14 33 36 269 37 9 92 469 526 428 
760:0 332 213 560 117 20 776 34 280 664 339 523 204 370 837 585 643 38 104 337 409 530 89 203 263 175 374 411 264 218 416 359 237 624 63 8 442 43 67 490 25 5 220 371 182 156 216 279 179 46 157 317 272 496 421 214 173 666 70 164 276 207 14 33 36 269 37 9 92 526 428 395 469 23 111 205 
761:0 367 312 583 213 340 204 585 343 563 104 564 283 203 412 263 364 175 218 202 447 320 829 270 237 113 345 267 580 579 182 229 75 115 156 216 496 219 402 214 173 76 150 164 241 207 230 235 298 92 388 428 
762:0 312 583 213 340 445 204 585 343 563 3 104 564 283 203 412 263 175 374 218 202 447 829 270 237 282 437 113 490 345 267 371 580 579 182 229 75 115 156 216 496 219 402 214 173 76 150 23 164 241 207 230 235 298 92 839 388 428 320 364 367 
763:0 512 312 583 213 340 445 204 585 343 563 3 104 564 283 203 412 263 175 374 218 202 416 447 829 270 237 63 282 636 437 113 67 490 345 25 267 371 580 579 438 182 386 229 75 115 156 216 496 219 402 214 173 76 630 150 23 164 241 207 230 235 269 298 92 839 639 369 388 428 136 320 364 367 
764:0 512 495 502 133 312 213 20 331 347 609 204 585 343 563 432 104 564 497 227 203 412 263 374 649 592 218 202 447 829 593 74 215 270 237 63 536 73 113 381 345 277 363 267 220 570 80 579 654 182 244 156 216 272 496 219 402 214 173 76 500 164 241 207 186 230 235 366 269 477 168 92 271 433 369 22 388 35 
765:0 495 502 213 335 280 664 523 347 451 585 93 343 104 138 89 373 227 203 412 823 326 263 185 374 411 492 218 248 416 356 237 63 286 641 282 387 113 277 478 25 5 417 267 220 371 182 94 633 244 473 511 240 115 156 216 157 496 219 247 214 289 173 180 500 164 241 207 269 477 831 87 85 92 271 433 472 526 281 428 
766:0 512 332 372 213 251 516 335 280 664 339 523 370 837 585 68 38 104 409 89 527 283 203 412 263 364 374 411 116 264 218 416 447 441 360 237 63 442 231 282 636 43 490 25 5 371 182 98 501 240 156 514 216 279 179 157 249 317 496 184 402 69 247 351 214 479 289 173 164 241 276 207 33 36 269 168 37 92 253 369 233 526 
767:0 453 372 213 405 585 111 104 203 263 218 258 106 237 141 232 341 182 240 156 216 205 496 28 503 103 832 214 173 191 522 164 57 207 129 269 92 127 469 
768:0 332 372 213 59 280 450 405 339 370 585 399 111 291 104 529 530 283 203 263 206 646 374 411 524 218 210 416 258 237 63 58 196 334 442 282 636 141 668 330 341 220 371 42 398 182 244 240 534 156 216 157 249 317 496 28 503 103 421 832 163 214 188 482 555 173 191 180 522 164 389 57 207 129 14 269 634 92 474 127 352 404 106 232 453 469 205 
769:0 71 495 133 246 310 213 335 362 523 585 174 194 104 414 89 203 412 263 218 202 356 106 237 95 571 334 72 341 220 835 182 94 278 156 216 397 157 317 272 496 28 201 328 841 247 645 285 214 188 173 180 255 446 254 444 164 207 256 92 271 
770:0 71 495 133 310 213 335 362 523 585 104 414 89 373 203 412 263 374 218 202 416 356 106 237 95 571 334 72 341 220 835 182 94 511 278 156 216 397 157 317 272 496 28 201 328 841 247 645 285 214 188 173 180 446 444 164 207 831 92 271 174 194 246 254 255 256 
771:0 213 226 516 117 335 585 68 174 104 203 380 258 106 270 113 262 243 300 220 182 244 662 511 240 105 278 115 156 219 103 214 487 180 164 207 269 321 92 607 346 
772:0 332 403 585 306 38 458 104 337 203 263 488 218 416 258 377 237 63 196 286 334 442 387 277 319 371 182 386 228 99 240 13 156 216 46 157 496 201 184 421 324 214 173 164 241 207 129 14 33 36 831 86 92 161 369 526 404 
773:0 332 403 44 585 242 306 432 38 458 104 434 337 203 153 263 424 519 488 53 430 218 416 520 258 377 257 237 63 304 58 423 196 286 334 442 636 387 277 319 638 200 600 371 305 182 665 386 228 99 240 13 156 216 179 46 157 496 201 184 120 247 421 324 214 555 173 796 211 164 241 57 207 129 14 33 366 36 831 85 422 86 92 161 369 518 526 404 428 
774:0 512 246 213 475 523 347 451 585 109 322 563 111 38 104 89 283 153 263 218 416 356 360 237 63 442 387 113 393 408 182 94 244 115 156 216 397 157 317 205 496 219 201 120 504 214 173 76 446 444 164 207 129 33 36 477 92 369 428 
775:0 512 213 280 339 523 347 204 585 111 104 89 283 263 175 218 237 442 282 387 490 371 579 182 244 511 229 216 157 205 496 421 47 21 214 173 255 254 666 164 389 241 276 207 256 14 37 92 369 273 452 526 281 428 
776:0 213 335 776 34 664 339 523 833 451 585 174 104 434 337 406 525 89 52 283 203 153 263 126 83 175 488 53 430 374 411 218 416 457 535 257 484 237 63 304 510 334 442 231 834 25 5 200 315 371 182 229 156 216 279 46 317 496 825 841 504 629 351 214 479 123 173 76 666 444 164 241 207 33 269 92 253 474 469 526 261 
777:0 495 97 372 213 340 268 451 585 343 111 586 435 104 587 588 486 527 227 283 203 263 252 591 175 374 218 416 447 356 360 270 237 63 442 231 387 393 575 371 42 398 217 182 115 156 216 179 830 272 205 496 351 214 173 209 604 796 824 164 162 207 129 33 168 87 85 84 86 321 92 41 369 521 528 273 526 428 672 
778:0 495 310 213 560 251 339 833 451 204 585 383 343 174 399 563 194 104 564 409 138 373 203 263 185 374 218 202 416 288 506 237 468 63 571 387 141 113 478 102 171 220 371 578 579 182 94 244 156 216 496 219 10 103 247 421 425 163 214 289 173 180 150 164 207 14 269 477 168 87 85 86 92 271 433 452 526 404 261 
778:1 495 310 213 560 339 451 204 585 383 343 399 563 104 409 138 373 263 185 374 218 202 237 468 63 571 387 141 113 478 102 220 371 579 182 94 244 156 216 496 219 10 247 421 425 163 214 289 173 180 150 164 207 14 269 477 168 87 85 86 92 271 433 452 526 404 288 194 174 416 103 251 261 506 578 564 203 
779:0 332 495 502 453 401 310 213 44 59 339 347 585 93 242 50 104 138 373 263 374 524 218 416 237 58 423 231 113 668 277 478 220 371 305 182 94 665 149 99 240 115 156 216 496 219 503 103 324 214 289 173 164 57 207 14 485 269 477 259 92 433 253 474 127 55 352 472 
780:0 133 213 59 335 784 523 347 585 432 104 434 225 337 349 406 82 407 525 89 497 283 203 412 326 263 126 53 374 19 411 218 416 137 447 257 270 237 542 56 63 304 58 196 834 113 54 363 267 200 580 579 182 244 240 13 156 216 46 157 355 496 219 825 247 421 351 324 214 555 173 76 211 666 164 241 276 57 129 366 87 85 86 321 92 239 253 352 526 
781:0 71 332 502 655 372 310 213 335 776 280 362 664 523 585 104 89 373 203 412 263 430 218 202 416 447 829 74 360 484 270 506 237 56 63 334 442 282 668 72 319 330 220 371 578 835 438 182 240 229 156 216 157 272 496 247 421 21 214 482 173 76 630 180 824 164 241 57 207 415 14 235 477 168 92 250 35 
782:0 332 401 213 117 280 339 523 585 68 104 434 225 337 349 406 525 530 89 497 203 263 206 374 411 264 218 29 237 334 442 231 43 67 574 200 371 182 156 216 179 46 157 317 496 219 201 825 184 103 421 214 173 164 207 14 33 269 92 253 526 404 
783:0 332 401 213 475 117 280 664 339 523 370 837 585 104 434 337 349 406 525 409 530 89 497 203 263 206 374 411 218 29 237 334 442 231 43 67 25 5 574 200 371 182 156 216 179 46 157 317 496 219 201 825 184 103 421 327 214 173 164 207 14 33 269 92 253 526 404 68 225 264 
784:0 332 401 213 396 475 187 117 776 561 784 280 664 339 523 637 775 370 837 585 104 434 337 349 406 525 409 530 89 497 283 203 263 206 7 53 430 374 411 264 218 416 29 237 63 304 8 334 442 231 636 43 67 25 5 574 200 371 398 182 156 216 279 179 46 397 157 317 496 219 201 825 184 103 421 351 327 214 173 446 666 164 276 207 14 33 269 9 92 253 352 526 404 68 225  
785:0 512 332 97 372 413 347 268 585 563 432 435 104 497 587 588 486 527 203 263 565 206 19 218 416 447 237 63 304 334 442 113 212 119 267 384 182 244 98 240 115 156 216 46 355 496 219 103 351 143 507 214 173 209 211 500 164 207 129 269 477 168 87 85 9 84 86 259 92 369 521 528 110 526 627 
786:0 502 312 583 310 347 451 204 585 93 563 104 564 497 203 412 326 263 260 374 411 218 248 416 447 356 385 237 63 334 113 277 478 212 572 267 579 384 182 60 94 633 427 244 473 149 115 156 216 496 219 247 285 214 173 660 500 164 241 207 230 269 477 168 87 85 321 259 92 110 472 627 
787:0 280 664 339 331 347 370 585 643 563 50 530 497 203 412 263 206 374 411 264 218 202 416 447 593 385 237 624 30 532 63 334 625 73 113 212 72 224 5 267 371 384 182 244 115 156 216 279 46 157 249 317 603 496 219 184 402 130 214 661 555 173 76 444 500 164 241 276 207 14 235 269 477 259 92 18 110 452 526 388 428 627 
788:0 392 59 362 347 585 563 432 586 291 104 564 497 203 263 374 218 416 447 356 385 114 505 237 56 63 58 8 196 334 282 113 277 478 212 54 599 572 330 267 579 182 244 240 115 287 156 216 496 219 503 247 214 661 173 487 500 164 57 207 269 477 259 92 271 127 55 352 250 110 472 627 
789:0 150 100 
790:0 322 100 150  
791:0 97 523 347 370 585 322 242 104 89 283 203 823 263 126 83 488 53 394 430 411 218 248 416 360 535 484 270 237 63 304 334 442 231 282 387 113 368 232 319 826 234 573 574 200 182 94 665 244 473 115 156 216 46 157 317 496 219 184 351 214 555 173 76 796 824 444 164 241 631 276 207 129 100 87 85 86 92 433 358 469 528 526 428 150 
792:0 512 332 97 403 59 347 451 585 109 93 322 563 432 104 138 840 203 823 263 19 411 218 248 416 257 270 506 237 63 95 58 196 113 277 478 826 572 626 236 539 101 578 835 182 94 427 244 473 115 156 216 46 355 496 219 184 247 421 351 324 143 507 214 173 76 180 164 241 207 129 366 477 100 87 85 86 92 271 433 469 472 526 150 261 
793:0 51 491 502 20 34 664 451 499 585 132 836 440 563 104 497 203 263 492 218 447 470 441 29 457 506 237 442 282 113 277 826 243 220 398 1 408 471 182 94 473 149 115 156 216 157 317 272 496 219 201 214 188 482 173 180 446 164 207 477 87 85 86 321 92 390 433 607 474 472 388 35 428 
794:0 34 340 280 450 339 523 370 837 4 585 68 643 104 409 530 840 223 89 283 203 263 206 591 374 116 264 218 416 360 359 106 237 624 8 442 141 490 656 5 200 371 398 602 182 156 216 279 179 157 317 355 496 214 479 173 666 444 164 276 207 269 9 92 233 526 
795:0 97 372 59 335 340 280 450 405 370 837 585 24 104 529 497 527 203 263 206 364 374 411 492 218 416 237 63 58 196 26 636 43 67 490 656 382 200 398 182 501 483 229 156 216 355 496 351 324 318 832 214 289 173 660 23 164 207 129 269 634 259 92 839 167 369 136 
796:0 20 664 347 268 451 585 563 435 104 587 588 486 527 203 412 263 374 218 416 447 356 237 63 95 275 594 113 277 393 267 438 182 240 115 156 216 830 496 351 324 214 173 76 209 164 241 207 294 87 85 9 84 86 92 521 528 35 192 
797:0 71 512 403 475 335 34 664 523 585 38 104 89 203 412 153 263 126 488 53 430 19 218 202 416 447 356 360 106 484 237 63 275 334 442 73 393 72 224 319 826 182 156 216 157 496 402 120 351 130 214 479 661 173 76 796 824 666 444 164 276 207 33 92 469 428 
798:0 332 314 403 280 347 585 15 432 197 104 203 206 218 210 202 416 12 237 334 282 636 387 348 400 182 427 75 156 216 496 533 103 214 661 173 630 796 164 207 14 235 366 92 410 404 
799:0 133 584 44 776 34 280 664 523 836 242 399 104 434 337 406 82 407 525 409 530 89 203 263 126 53 374 218 380 416 360 359 535 257 484 237 624 63 334 442 231 282 834 387 393 25 5 200 371 398 182 156 216 157 317 496 421 351 214 188 482 479 555 173 537 824 254 23 666 444 164 256 168 37 92 469 378 
800:0 332 502 475 784 280 664 523 347 451 585 93 322 399 104 349 406 414 89 373 203 823 263 430 374 218 248 416 356 360 257 237 63 304 286 334 442 282 113 393 232 826 429 236 234 400 200 705 408 669 182 94 665 427 473 278 115 156 216 350 397 157 317 496 184 421 351 324 163 214 661 173 76 446 444 500 164 207 14 477 168 86 92 433 378 404 
800:1 332 502 475 784 280 664 523 347 451 585 93 322 399 104 349 406 414 89 373 203 823 263 430 374 218 248 416 356 360 257 237 63 304 286 334 442 282 113 393 232 826 429 236 234 400 200 705 408 669 182 94 665 427 473 278 115 156 216 350 397 157 317 496 184 421 351 324 163 214 661 173 76 446 444 500 164 207 14 477 168 86 92 433 378 404 631 
800:2 332 502 475 784 280 664 523 347 451 585 93 322 399 104 349 406 414 89 373 203 823 263 430 374 218 248 416 356 360 257 237 63 304 286 334 442 282 113 393 232 826 429 236 234 400 200 705 408 669 182 94 665 427 473 278 115 156 216 350 397 157 317 496 184 421 351 324 163 214 661 173 76 446 444 500 164 207 14 477 168 86 92 433 378 404 626 
801:0 495 97 396 62 226 280 347 451 585 562 563 111 104 564 497 587 486 527 373 227 203 412 153 206 430 623 411 218 653 416 447 385 360 215 391 270 237 63 58 286 334 442 387 113 381 393 170 429 828 220 384 182 60 115 156 216 205 496 120 247 508 351 324 173 76 49 660 796 824 500 164 207 485 85 86 161 271 433 376 521 192 428 
801:1 97 396 62 226 280 347 562 563 111 564 587 486 527 227 203 412 206 430 623 411 653 416 447 385 360 270 63 58 286 334 442 113 170 828 220 384 182 60 115 156 205 496 120 247 508 173 76 660 796 824 500 164 85 86 161 271 433 521 192 428 
802:0 512 97 372 396 299 340 280 339 347 370 837 585 383 68 104 409 497 283 203 263 206 364 7 374 411 264 395 492 218 416 447 506 237 63 8 442 26 282 636 387 67 490 25 5 200 371 578 398 835 182 244 228 156 216 279 179 157 317 272 27 496 247 421 325 425 832 214 479 289 173 670 444 164 389 276 207 129 168 634 9 92 526 428 261 
803:0 51 204 585 343 406 497 203 263 591 218 31 380 45 441 270 237 231 417 64 42 398 182 156 216 496 324 214 188 482 289 173 164 92 390 253 607 474 
804:0 51 512 332 314 403 502 372 784 204 585 440 399 104 434 337 349 406 407 525 840 497 203 263 591 126 53 19 218 31 380 416 45 441 257 270 506 237 63 231 636 141 417 200 64 42 398 182 156 216 496 825 421 351 324 143 507 214 188 482 661 555 289 173 191 164 129 366 168 634 85 92 390 253 369 607 474 404 343 
805:0 502 475 117 20 335 776 34 664 523 38 89 203 263 430 218 416 356 360 106 535 484 237 624 571 334 442 113 277 478 393 25 826 182 278 115 156 216 350 397 157 88 317 272 496 219 201 285 214 479 173 446 796 824 23 666 444 164 276 33 36 477 92 433 469 472 428 
806:0 495 310 347 585 109 399 104 52 227 203 823 153 263 126 7 83 481 488 53 374 492 218 257 237 63 95 510 282 387 113 277 704 573 101 315 220 371 182 94 473 511 278 156 216 350 496 120 247 421 214 479 173 76 180 500 164 241 207 269 168 259 92 271 253 428 261 
807:0 512 332 97 372 396 299 340 280 664 339 347 268 370 837 585 435 104 409 530 497 588 486 527 283 203 263 252 206 7 374 411 264 218 154 416 447 270 237 468 63 231 282 636 67 490 25 5 200 6 709 579 602 182 98 501 156 216 279 179 830 496 184 10 351 163 214 555 289 173 209 164 276 129 269 634 87 85 9 86 92 521 528 526 
808:0 151 203 263 430 360 106 29 334 182 156 496 214 173 796 164 39 85 84 86 92 
809:0 151 776 34 280 664 643 435 223 89 588 203 263 430 416 360 106 29 484 624 63 58 8 334 442 25 5 182 156 157 317 496 120 214 173 76 796 824 164 276 39 87 85 9 84 86 92 742  
810:0 512 372 213 785 409 283 203 412 263 252 206 374 116 202 447 520 829 45 74 359 282 73 67 345 25 5 267 182 75 156 496 10 103 21 214 173 76 630 70 164 241 129 14 269 253 369 452 526 388 
811:0 512 372 213 785 458 409 283 203 412 263 206 374 116 202 447 520 829 45 282 67 345 25 5 182 75 156 496 10 103 21 214 173 76 630 164 241 129 14 269 253 369 452 526 70 73 74 252 267 359 388 
812:0 512 372 213 776 34 561 785 280 664 339 523 331 643 458 409 778 414 89 283 203 412 263 206 374 411 116 338 202 416 447 520 829 593 45 624 63 304 282 437 67 345 25 5 341 574 182 75 156 496 184 10 103 21 214 555 173 76 630 666 164 241 276 129 14 269 253 369 452 526 70 73 74 252 267 359 388 
813:0 512 97 502 372 213 226 299 340 68 38 24 486 52 203 263 126 424 519 488 53 116 45 441 29 257 67 490 25 341 315 182 98 156 179 496 28 214 173 164 389 241 162 129 33 269 369 526 136 
814:0 512 97 502 372 213 226 299 340 339 68 38 24 486 52 203 263 126 424 519 488 53 394 116 45 441 29 257 67 490 25 341 315 182 98 156 179 496 214 173 164 241 129 33 269 369 526 28 136 162 389 
815:0 512 97 502 372 213 226 307 299 340 339 837 68 756 38 24 486 52 203 263 364 126 424 519 7 83 488 53 394 411 116 416 45 441 29 257 270 63 442 67 490 25 341 315 182 780 98 156 279 179 496 841 247 214 555 173 164 241 129 33 269 369 526 428 28 136 162 389 
816:0 453 392 213 226 20 340 291 104 203 263 591 45 114 420 113 668 54 330 341 1 182 240 115 156 496 219 214 173 487 164 389 57 129 671 369 55 518 352 311 250 526 
817:0 213 226 20 340 291 203 263 374 45 113 668 330 341 1 182 240 115 156 496 219 214 173 487 164 389 57 129 671 369 55 518 352 311 250 526 54 104 114 392 420 453 591 
818:0 512 97 403 213 226 20 59 340 784 399 291 203 263 374 116 416 45 308 56 63 58 333 196 113 668 118 330 341 1 182 240 115 156 496 219 503 825 247 214 745 173 487 164 389 57 129 14 671 369 127 55 518 352 311 250 526 54 104 114 392 420 453 591 
819:0 133 372 213 584 187 44 34 664 331 68 242 111 91 203 263 374 360 304 231 387 341 371 182 156 205 496 402 214 173 255 254 747 164 162 256 33 541 39 168 253 
820:0 133 372 213 584 44 776 34 664 331 68 343 242 91 89 203 263 424 374 416 360 63 304 423 231 341 371 182 665 156 496 402 214 173 255 254 666 747 164 162 276 256 14 33 541 39 168 422 253 528 111 187 205 387 
821:0 97 403 372 213 413 432 65 840 203 263 313 19 116 31 468 43 417 371 64 365 658 182 156 514 279 179 249 355 496 28 184 143 214 173 180 164 207 129 366 269 168 369 526 
822:0 97 403 372 213 413 65 840 203 263 313 19 116 31 468 43 417 371 64 365 658 182 156 514 279 179 496 184 214 173 164 207 129 269 168 369 526 28 143 180 249 355 366 432 
823:0 97 403 372 213 776 34 413 339 65 840 203 263 313 430 19 116 31 416 484 468 542 63 334 442 43 113 319 417 371 64 365 658 182 115 156 514 279 179 496 184 103 214 173 796 211 164 207 129 269 168 369 526 28 143 180 249 355 366 432 
824:0 571 105 605 522 48 
825:0 502 213 776 405 347 93 203 412 823 263 248 385 270 286 334 141 113 478 371 384 182 94 633 473 115 156 496 219 247 285 214 173 76 500 522 164 271 433 472 428 48 105 571 605 
826:0 495 97 502 213 226 776 405 347 109 93 203 412 823 263 248 202 416 385 270 63 95 286 334 141 113 277 478 243 371 384 182 60 94 633 427 473 115 156 496 219 247 285 214 173 76 500 522 164 271 433 369 472 428 48 105 571 605 
827:0 97 372 213 226 251 91 203 263 313 492 468 336 282 834 341 417 400 579 182 98 501 156 496 103 214 555 173 164 389 129 541 39 269 168 259 
828:0 512 97 372 213 226 251 833 242 399 91 203 263 313 424 492 416 447 468 63 423 834 341 417 400 600 579 182 94 98 156 496 103 247 421 214 555 173 164 389 129 541 39 269 168 422 369 259 282 336 501 
829:0 312 213 331 204 203 412 263 202 447 829 593 74 270 304 625 437 536 73 113 345 77 654 182 229 75 156 496 47 79 214 173 76 78 164 241 230 235 388 
830:0 312 213 331 204 538 178 203 412 263 202 416 447 829 593 270 63 304 625 437 536 113 345 654 182 229 75 156 496 402 47 214 173 76 164 241 230 235 311 73 74 77 78 79 388 
831:0 97 213 383 538 68 111 38 24 486 203 263 829 45 470 385 29 371 182 156 179 496 214 173 23 164 207 33 36 86 528 
832:0 97 213 226 776 34 340 383 538 111 38 24 486 203 263 416 829 45 470 385 29 63 387 25 371 182 156 514 179 496 214 173 164 14 33 36 86 528 428 23 68 207 
833:0 372 213 44 34 68 291 525 203 263 380 29 56 423 746 668 341 371 182 240 156 279 496 825 832 130 214 173 164 57 33 55 250 
834:0 372 213 44 59 776 34 523 68 242 91 291 414 89 203 263 206 416 29 457 624 56 63 58 423 334 231 746 668 224 826 330 341 371 398 182 240 534 156 279 350 397 157 317 496 201 328 503 825 184 832 214 661 173 446 666 444 164 276 57 14 33 634 127 55 250 130 380 525 
835:0 213 44 268 204 242 91 435 38 486 203 263 424 488 270 336 575 579 182 156 830 46 496 28 214 555 173 209 164 129 33 39 87 85 422 86 253 521 528 
836:0 97 213 44 339 268 204 242 91 587 588 589 486 203 263 424 116 416 270 63 304 575 579 182 665 156 830 46 496 214 555 173 209 164 129 33 39 87 85 422 86 253 521 528 28 38 336 435 488 
837:0 246 213 335 91 203 153 263 360 535 510 334 442 826 189 182 229 115 156 350 397 157 317 496 201 328 120 214 479 108 173 191 446 444 164 33 261 
838:0 246 213 776 659 91 203 263 126 83 488 53 394 360 535 257 484 624 510 334 442 826 315 182 229 115 156 350 397 157 317 496 201 328 503 841 120 214 479 108 173 191 446 444 164 33 153 189 335 261 
839:0 246 213 776 34 523 659 91 414 89 203 263 126 7 83 488 53 394 416 360 535 257 484 624 63 510 334 442 25 5 826 315 182 229 115 156 350 397 157 317 496 201 328 503 841 120 214 479 108 173 76 191 446 444 164 33 749 153 189 335 261 
840:0 310 213 111 434 829 278 205 389 110 
841:0 491 512 403 310 213 331 434 225 349 406 407 840 203 412 263 19 116 202 416 447 829 788 74 484 63 334 73 200 182 278 156 496 184 402 214 173 76 164 241 239 369 17 110 111 205 389 
842:0 133 787 310 213 776 34 523 331 174 434 406 89 203 412 263 202 416 447 829 74 360 29 484 624 63 334 73 113 200 371 182 105 278 115 156 496 219 402 214 173 76 23 164 241 276 230 110 111 205 389 
843:0 213 584 664 523 489 91 407 529 414 89 203 263 137 29 387 107 341 189 342 182 156 496 28 201 328 825 841 103 832 21 214 173 164 35 
844:0 213 776 664 523 489 91 529 414 89 203 263 424 416 137 29 624 542 63 334 442 107 341 200 182 156 350 157 317 496 28 201 328 825 841 103 832 130 21 214 173 446 444 164 35 428 189 342 387 407 584 
845:0 332 97 403 133 392 372 213 584 59 413 432 291 65 840 203 263 297 19 31 416 542 56 63 58 196 668 64 365 182 240 156 179 355 496 503 214 173 255 211 254 164 276 57 256 168 37 634 253 55 311 250 
846:0 367 97 453 372 213 44 340 280 370 242 291 38 529 203 263 116 31 423 636 668 400 64 398 182 665 240 156 496 503 825 163 214 173 164 129 37 634 127 250 
847:0 97 453 372 213 44 340 280 370 242 291 38 529 203 263 838 116 31 416 56 63 423 636 668 64 398 182 665 240 156 496 503 825 184 214 173 164 57 129 634 127 250 37 163 367 400 
848:0 51 213 584 227 283 203 263 175 45 319 575 602 182 156 496 214 173 164 671 
849:0 51 491 213 584 561 268 435 409 587 486 227 203 263 7 175 374 416 45 441 506 63 304 43 25 5 574 575 786 371 398 182 156 830 496 184 103 508 351 214 188 482 555 173 209 500 164 207 129 269 671 634 87 85 9 84 86 92 253 474 521 528 283 319 602 
849:1 51 491 213 584 561 268 435 409 587 486 227 203 263 7 175 374 416 45 441 506 63 304 43 597 25 5 574 575 786 371 398 182 156 830 496 184 103 351 214 188 482 555 173 209 500 164 207 129 269 671 634 87 85 9 84 86 92 253 607 521 528 283 319 602 
850:0 213 44 664 450 405 659 489 242 111 52 203 263 657 83 172 535 257 282 141 656 438 182 156 205 496 503 841 832 21 214 108 173 522 164 241 474 35 
851:0 213 44 664 450 405 659 489 242 52 203 263 126 424 657 83 53 172 394 416 535 257 63 517 141 656 573 315 438 182 156 496 503 841 832 21 214 108 173 76 164 241 422 474 35 404 111 205 282 522 261 
852:0 213 20 34 280 362 339 509 370 837 197 291 203 263 364 411 8 43 668 5 330 341 220 371 602 182 156 514 279 179 249 496 69 214 173 487 66 164 389 276 269 127 526 
853:0 213 20 34 280 362 664 339 370 837 197 91 291 409 203 263 364 411 416 56 63 8 43 668 5 330 341 190 753 371 182 156 514 279 179 249 496 184 832 214 173 666 66 164 276 57 269 606 127 250 526 69 220 389 487 509 602 
854:0 502 312 583 310 226 399 203 263 492 202 506 286 72 262 118 417 371 578 835 182 94 473 156 496 247 504 214 173 500 164 389 271 110 472 261 
854:1 502 312 583 310 226 399 203 263 492 202 506 286 72 262 118 417 371 578 835 182 94 473 156 496 247 504 214 173 500 164 389 271 110 472 261 
855:0 502 312 583 310 226 174 399 203 263 492 202 416 506 63 286 113 72 262 118 417 371 578 835 182 94 473 115 156 496 120 247 504 214 173 500 650 164 389 752 271 110 472 261 
855:1 502 312 583 310 226 174 399 203 263 492 202 416 506 63 286 113 72 262 118 417 371 578 835 182 94 473 115 156 496 120 247 504 214 173 500 650 164 389 752 271 110 472 261 
856:0 495 312 583 213 226 347 204 93 399 563 586 564 203 823 263 202 361 505 270 286 791 113 345 573 575 580 579 182 60 94 473 511 156 496 219 285 214 173 500 164 86 
857:0 312 213 226 664 347 204 93 399 563 586 564 203 823 263 202 361 505 270 286 791 113 345 573 580 579 182 60 94 473 156 496 219 285 214 173 500 164 86 495 511 575 583 
858:0 312 213 226 664 347 204 93 399 563 586 564 203 823 263 248 202 416 385 361 505 270 63 286 791 113 345 750 478 828 573 580 579 384 438 182 60 94 427 473 156 496 219 247 421 285 214 173 500 164 14 86 433 472 495 511 575 583 
859:0 372 213 44 833 585 399 563 564 409 203 263 252 313 260 492 834 141 67 25 5 118 417 579 182 156 514 279 496 214 173 164 389 207 269 168 86 259 271 253 
860:0 372 213 44 833 585 399 563 564 409 203 263 252 313 793 260 492 834 141 113 67 25 5 118 417 579 182 115 156 514 279 496 421 214 173 164 389 207 269 168 634 86 259 271 253 
861:0 372 213 44 776 34 280 339 833 585 242 643 399 563 564 409 203 263 252 313 793 7 260 411 116 492 416 359 63 8 834 141 113 67 490 25 5 118 417 579 384 602 438 182 115 156 514 279 496 184 421 214 173 789 666 164 389 276 207 269 168 634 9 86 259 271 253 472 
868:0 151 312 583 213 560 609 204 563 564 203 494 263 374 270 387 599 182 105 156 496 214 173 500 164 186 230 33 
869:0 151 312 583 213 347 204 563 777 564 409 227 203 412 494 263 313 374 202 416 270 63 286 113 345 478 118 828 599 573 579 182 94 473 105 156 496 219 214 173 76 500 164 186 230 33 161 472 387 560 
869:1 151 312 583 213 347 204 563 777 564 409 227 203 412 494 263 313 374 202 416 270 63 286 113 345 478 118 828 599 573 579 182 94 473 105 156 496 219 214 173 76 500 164 186 230 33 161 472 387 560 
869:2 151 312 583 213 347 204 563 777 564 409 227 203 412 494 263 313 374 202 416 270 63 286 113 345 478 118 828 599 573 579 182 94 473 105 156 496 219 214 173 76 500 164 186 230 33 161 472 387 560 
869:3 151 312 583 213 347 204 563 777 564 409 227 203 412 494 263 313 374 202 416 270 63 286 113 345 478 118 828 599 573 579 182 94 473 105 156 496 219 214 173 76 500 164 186 230 33 161 472 387 560 
869:4 151 312 583 213 347 204 563 777 564 409 227 203 412 494 263 313 374 202 416 270 63 286 113 345 478 118 828 599 573 579 182 94 473 105 156 496 219 214 173 76 500 164 186 230 33 161 472 387 560 
869:5 151 312 583 213 347 204 563 777 564 409 227 203 412 494 263 313 374 202 416 270 63 286 113 345 478 118 828 599 573 579 182 94 473 105 156 496 219 214 173 76 500 164 186 230 33 161 472 387 560 
869:6 151 312 583 213 347 204 563 777 564 409 227 203 412 494 263 313 374 202 416 270 63 286 113 345 478 118 828 599 573 579 182 94 473 105 156 496 219 214 173 76 500 164 186 230 33 161 472 387 560 
869:7 151 312 583 213 347 204 563 777 564 409 227 203 412 494 263 313 374 202 416 270 63 286 113 345 478 118 828 599 573 579 182 94 473 105 156 496 219 214 173 76 500 164 186 230 33 161 472 387 560 
869:8 151 312 583 213 347 204 563 777 564 409 227 203 412 494 263 313 374 202 416 270 63 286 113 345 478 118 828 599 573 579 182 94 473 105 156 496 219 214 173 76 500 164 186 230 33 161 472 387 560 
870:0 97 372 251 280 339 370 837 68 203 263 206 646 411 116 416 29 270 63 334 442 224 748 371 398 182 156 514 279 179 157 249 317 496 103 214 661 173 164 276 14 33 634 428  
871:0 367 372 213 362 61 268 174 435 588 203 263 31 506 56 668 262 330 371 64 42 398 182 240 105 156 179 830 496 503 120 214 173 209 191 164 389 57 634 87 85 84 86 390 607 474 55 672 
872:0 213 450 405 203 263 565 333 196 243 181 182 156 496 832 214 173 522 164 
873:0 512 403 213 62 635 419 59 405 347 563 432 840 203 263 297 202 416 258 270 542 63 58 333 196 286 571 141 113 54 579 181 182 483 115 156 496 219 832 214 173 522 78 164 366 839 369 311 469 243 450 565 
874:0 246 372 213 335 776 34 664 523 174 414 89 203 263 416 356 535 484 63 286 334 25 826 182 156 350 397 157 88 317 496 219 201 328 120 214 173 446 23 666 444 164 276 469 472 
875:0 97 133 392 213 635 419 187 59 362 291 38 203 263 568 258 29 457 56 58 8 556 333 196 334 442 668 54 181 182 115 156 179 496 214 173 487 164 57 33 127 311 250 428 
876:0 495 502 312 213 347 563 586 564 409 227 203 412 823 326 263 252 248 270 304 286 387 345 478 118 573 6 580 579 471 384 182 60 94 633 244 473 156 496 247 214 173 500 164 129 831 161 271 433 472 428 
876:1 502 312 213 226 347 563 586 564 409 203 412 823 263 252 266 248 470 385 361 505 270 304 286 113 345 118 573 6 580 579 182 60 94 633 375 244 473 115 156 496 219 247 214 173 500 164 129 831 271 428 
877:0 97 372 213 783 44 280 331 268 242 399 588 486 527 203 263 252 313 424 260 374 492 423 834 43 417 200 600 371 658 182 665 511 98 229 156 279 830 496 184 402 214 555 173 209 666 164 162 207 129 39 269 168 37 87 85 422 9 84 86 321 259 253 521 528 
878:0 213 584 776 34 280 664 523 174 111 91 38 414 203 263 90 374 45 624 334 442 25 341 579 438 182 156 350 157 249 317 205 496 103 21 214 173 446 796 824 23 666 70 164 276 207 33 18 526 428 
879:0 213 776 34 280 664 523 91 414 89 203 263 430 374 416 45 535 484 624 63 334 442 25 341 200 371 579 438 182 156 279 350 157 249 317 205 496 184 103 214 555 173 446 796 824 23 666 444 70 164 276 33 269 526 428 18 21 38 90 111 174 207 584 
880:0 332 246 34 754 784 664 523 268 435 434 337 406 407 525 414 89 486 203 263 126 424 83 53 416 624 63 231 67 25 5 826 200 365 182 240 156 830 350 157 317 496 21 214 173 23 666 444 164 241 33 269 87 85 422 9 84 86 528 
881:0 246 419 59 34 754 523 268 435 497 486 203 263 568 416 258 56 63 304 58 423 556 333 196 231 67 25 5 826 371 365 181 182 240 156 830 350 157 317 496 21 214 173 666 444 164 57 269 87 85 422 9 84 86 528 
882:0 246 44 34 362 664 523 242 291 434 225 406 407 414 89 203 263 755 416 56 63 423 442 141 668 67 25 826 200 182 665 240 156 350 157 317 496 503 214 173 23 666 444 164 162 57 33 127 55 250 428 
883:0 246 635 419 44 59 34 362 242 291 203 263 755 568 416 258 56 63 58 423 556 333 196 334 442 668 826 181 182 665 240 156 350 157 317 496 214 173 444 164 162 57 127 55 250 428 
884:0 213 776 34 784 280 399 434 337 406 525 203 263 430 492 416 360 484 468 63 334 442 636 43 113 368 232 319 243 400 200 182 115 156 157 249 317 496 184 103 163 214 555 173 76 446 796 824 666 444 164 14 87 85 86 
885:0 310 213 226 44 109 174 50 104 434 525 203 263 288 270 571 182 98 156 496 214 173 164 389 129 86 22 686 
886:0 512 97 502 372 310 213 226 251 44 784 362 291 38 458 434 349 406 407 203 263 126 53 270 506 56 571 387 199 200 578 182 665 98 156 496 503 247 214 173 211 164 57 129 36 168 87 85 86 369 50 104 109 174 288 389 525 261 
887:0 512 97 502 372 310 213 226 251 44 34 784 362 291 38 458 434 225 337 349 751 406 407 203 263 126 53 19 416 270 506 56 63 571 387 113 199 200 578 182 665 98 115 156 496 503 247 214 173 76 211 164 389 57 129 36 168 87 85 86 161 369 50 104 109 174 288 525 261 
888:0 97 403 372 44 280 664 370 242 91 203 263 206 424 411 116 416 270 336 63 304 423 286 442 231 636 232 572 579 182 665 427 98 501 156 514 279 179 496 533 184 163 214 555 173 630 796 164 129 14 541 422 528 526 
888:1 97 403 372 44 280 664 370 242 91 203 263 206 424 411 116 416 270 336 63 304 423 286 442 231 636 232 572 579 182 665 427 98 501 156 514 279 179 496 533 184 163 214 555 173 630 796 164 129 14 541 422 528 526 781 
889:0 97 44 370 837 242 563 91 203 263 424 430 411 116 416 385 270 336 63 304 423 286 334 442 231 636 113 368 232 572 371 579 384 182 665 98 115 156 514 279 179 496 219 184 163 214 555 173 76 796 164 129 541 422 469 528 526 
889:1 97 44 370 837 242 563 91 203 263 424 430 411 116 416 385 270 336 63 304 423 286 334 442 231 636 113 368 232 572 371 579 384 182 665 98 115 156 514 279 179 496 219 184 163 214 555 173 76 796 164 129 541 422 469 528 526 782 
890:0 97 372 664 109 322 440 434 349 406 525 744 203 795 263 53 430 19 416 63 113 826 573 371 398 342 182 105 115 156 496 184 103 247 214 188 482 173 76 164 92 390 607 474 
891:0 512 332 213 34 280 339 370 837 68 197 91 223 203 263 7 116 264 29 270 8 442 43 67 490 25 5 182 156 514 279 179 249 496 184 214 173 164 276 9 369 526 428 
892:0 512 332 372 213 396 251 776 34 280 339 370 837 68 242 643 399 197 91 409 223 203 263 206 7 374 411 116 264 492 416 29 270 8 334 442 834 43 67 490 25 5 371 398 182 156 514 279 179 157 249 317 496 184 214 555 173 444 164 389 276 129 269 634 9 369 843 526 428 
892:1 512 332 453 213 396 776 34 280 362 339 370 837 68 197 91 291 409 223 203 263 206 7 411 116 264 416 29 270 8 334 442 43 668 67 490 25 5 398 182 240 156 514 279 179 157 249 317 496 503 184 214 173 444 164 276 844 129 269 9 369 127 250 526 428 
893:0 512 372 20 44 34 280 664 339 331 370 242 643 399 91 409 227 203 412 263 374 154 202 416 447 829 593 74 359 63 304 231 842 834 43 67 345 25 5 341 417 371 438 182 156 279 157 317 496 184 10 402 214 555 173 76 630 666 164 241 276 207 129 235 269 168 37 634 369 22 
893:1 512 372 20 44 34 280 664 339 331 370 242 643 399 91 409 227 203 412 263 374 154 202 416 447 829 593 74 359 63 304 231 842 834 43 67 345 25 5 341 417 371 438 182 156 279 157 317 496 184 10 402 214 555 173 76 630 666 164 241 276 207 129 235 269 168 37 634 369 22 
894:0 512 97 246 372 34 340 587 588 486 527 203 153 245 263 416 63 113 199 393 182 240 229 115 156 830 496 103 120 351 214 173 164 129 37 87 85 845 84 86 521 528 192 
895:0 246 44 34 784 242 434 225 337 349 846 406 203 153 263 424 116 416 359 63 636 113 200 182 115 156 179 496 825 120 214 173 164 37 422 239 
896:0 372 419 59 776 34 523 370 242 38 24 203 263 416 258 484 624 63 58 556 333 196 334 834 224 54 341 200 371 182 156 496 184 214 661 555 173 23 666 164 276 14 33 39 36 269 37 634 259 253 
897:0 97 372 34 523 347 109 242 399 50 38 24 203 263 492 416 114 506 63 834 341 417 371 578 182 427 156 496 184 247 214 555 173 23 666 164 129 33 39 36 269 37 253 261
898:0 97 502 312 226 331 347 93 564 227 203 412 823 263 248 202 416 447 593 74 385 505 270 63 286 437 73 791 113 345 478 72 118 6 654 1 384 182 94 633 473 115 156 496 219 402 285 214 173 76 630 660 500 164 241 129 161 271 433 472 428 
898:1 97 502 312 372 419 226 59 776 34 523 331 347 370 93 242 38 24 564 227 203 412 823 263 248 202 416 850 447 593 74 385 258 505 484 270 624 63 58 556 333 196 286 334 834 437 73 791 113 345 478 72 224 118 54 341 200 371 6 654 1 384 182 94 633 473 115 156 496 219 184 402 285 214 661 555 173 76 630 660 23 666 500 164 241 276 129 14 33 39 36 269 37 634 259 161 271 433 253 472 428 
898:2 97 502 312 372 851 226 34 523 331 347 109 93 242 399 50 38 24 564 227 203 412 823 263 492 248 202 416 447 593 74 385 114 505 270 506 63 286 834 437 73 791 113 345 478 72 118 341 417 371 6 578 654 1 384 182 94 633 427 473 115 156 496 219 184 402 247 285 214 555 173 76 630 660 23 666 500 164 241 129 33 39 36 269 37 161 271 433 253 472 428 261